id,first_name,last_name,email,gender,ip_address
1,Jaymie,Trundell,jtrundell0@squidoo.com,Polygender,182.184.254.81
2,Kevina,McGorley,kmcgorley1@admin.ch,Female,226.55.250.101
3,Margy,Broady,mbroady2@fema.gov,Female,161.228.102.114
4,Josi,O' Meara,jomeara3@bravesites.com,Female,204.30.2.228
5,Selena,Tibbs,stibbs4@skype.com,Female,222.68.89.45
6,Herc,Buzzing,hbuzzing5@com.com,Bigender,78.228.25.5
7,Lilith,Pietruszka,lpietruszka6@amazon.co.jp,Female,191.81.179.69
8,Francesca,Georges,fgeorges7@ucla.edu,Female,192.159.190.37
9,Stephannie,Shadrack,sshadrack8@etsy.com,Female,107.19.160.38
10,Shaughn,Bilyard,sbilyard9@wired.com,Male,17.187.253.50
11,Leonidas,Freddi,lfreddia@wikipedia.org,Male,49.70.153.142
12,Brigitte,Gregr,bgregrb@prnewswire.com,Female,174.98.142.182
13,Karmen,Buddell,kbuddellc@chron.com,Female,188.105.125.92
14,Dru,Brody,dbrodyd@csmonitor.com,Female,23.112.33.215
15,Laird,Jewers,ljewerse@scientificamerican.com,Male,89.28.131.103
16,Jacky,Jaxon,jjaxonf@adobe.com,Female,168.192.225.76
17,Hebert,Bineham,hbinehamg@squidoo.com,Male,17.233.60.24
18,Allie,Mandry,amandryh@seesaa.net,Male,122.237.189.154
19,Joeann,Climo,jclimoi@list-manage.com,Female,154.216.22.231
20,Sadye,Sprowles,ssprowlesj@ovh.net,Female,145.35.122.200
21,Rosmunda,Bryers,rbryersk@imageshack.us,Female,172.15.183.252
22,Hilliard,Ferrick,hferrickl@google.de,Male,150.122.155.94
23,Jsandye,Bambrough,jbambroughm@google.com.br,Female,211.187.132.60
24,Tarah,Menaul,tmenauln@mtv.com,Female,58.218.48.121
25,Dean,Chesshire,dchesshireo@goo.ne.jp,Male,44.50.189.190
26,Darnall,Locket,dlocketp@1und1.de,Non-binary,48.246.151.79
27,Adella,Barclay,abarclayq@ucsd.edu,Female,216.3.169.192
28,Murvyn,Winnister,mwinnisterr@upenn.edu,Male,165.154.81.234
29,Auberta,Baxstair,abaxstairs@hao123.com,Genderqueer,187.15.15.150
30,Delano,Link,dlinkt@instagram.com,Male,35.135.187.54
31,Lauree,Cornbell,lcornbellu@shinystat.com,Female,48.56.1.162
32,Cassondra,Danniell,cdanniellv@uol.com.br,Female,120.41.117.28
33,Symon,Fortin,sfortinw@state.tx.us,Male,77.62.62.237
34,Tan,OIlier,toilierx@earthlink.net,Male,142.149.33.155
35,Aeriela,Reisin,areisiny@histats.com,Female,80.132.89.123
36,Vanya,Bondy,vbondyz@jimdo.com,Male,123.120.19.86
37,Rheta,Hissett,rhissett10@acquirethisname.com,Non-binary,0.163.184.33
38,Morganica,Fawlkes,mfawlkes11@buzzfeed.com,Female,68.244.140.52
39,Sheilakathryn,Trevains,strevains12@shareasale.com,Genderfluid,111.184.211.231
40,Loreen,Gianotti,lgianotti13@bravesites.com,Genderfluid,212.227.22.245
41,Rania,Blundan,rblundan14@oaic.gov.au,Female,246.254.254.183
42,Leoline,Raycroft,lraycroft15@google.co.uk,Female,140.251.87.199
43,Kenon,Leman,kleman16@oaic.gov.au,Male,164.18.208.218
44,Jeremy,Treweela,jtreweela17@yelp.com,Male,99.166.167.246
45,Orbadiah,Size,osize18@cam.ac.uk,Male,110.109.9.105
46,Cherri,Cissell,ccissell19@alexa.com,Female,110.228.106.62
47,Adaline,Boutellier,aboutellier1a@sbwire.com,Female,243.104.148.62
48,Alvira,Tomaszczyk,atomaszczyk1b@google.co.jp,Genderqueer,240.150.205.222
49,Laurella,Archambault,larchambault1c@zdnet.com,Female,91.8.226.89
50,Mar,Callway,mcallway1d@skype.com,Male,30.61.49.11
51,Ban,Bavester,bbavester1e@rambler.ru,Male,128.104.167.201
52,Rora,Perche,rperche1f@privacy.gov.au,Female,230.255.99.220
53,Michael,Stallworth,mstallworth1g@usnews.com,Male,51.109.2.139
54,Turner,Bryer,tbryer1h@bigcartel.com,Male,171.107.55.159
55,Frank,Ragge,fragge1i@xrea.com,Female,250.120.74.61
56,Brittni,Splain,bsplain1j@stanford.edu,Agender,5.143.48.179
57,Ronica,Yuryatin,ryuryatin1k@tripod.com,Female,28.101.109.199
58,Francisco,Shepherdson,fshepherdson1l@cisco.com,Male,88.238.235.181
59,Dwight,Pendleberry,dpendleberry1m@trellian.com,Male,190.70.217.171
60,Deane,Hancke,dhancke1n@woothemes.com,Female,108.214.79.136
61,Jemmie,Diggin,jdiggin1o@bloglovin.com,Polygender,85.137.242.150
62,Patrice,Puckring,ppuckring1p@youtu.be,Female,201.235.170.219
63,Mellisent,Gorler,mgorler1q@jalbum.net,Female,57.215.198.134
64,Cary,Bruineman,cbruineman1r@arstechnica.com,Female,58.130.41.72
65,Eudora,Arkle,earkle1s@sfgate.com,Female,198.18.215.99
66,Roxanna,Millions,rmillions1t@prlog.org,Female,202.188.202.117
67,Adolphe,Hagger,ahagger1u@wikipedia.org,Male,80.158.107.141
68,Free,Brazer,fbrazer1v@who.int,Male,126.244.19.56
69,Kelsey,Willett,kwillett1w@paypal.com,Male,183.179.186.47
70,Harley,Acton,hacton1x@shareasale.com,Non-binary,101.170.37.197
71,Charo,Ezzell,cezzell1y@cyberchimps.com,Female,33.31.122.143
72,Elvyn,Kleiner,ekleiner1z@list-manage.com,Male,114.85.76.101
73,Karen,Jaycocks,kjaycocks20@dot.gov,Female,74.1.150.113
74,Zeb,Snell,zsnell21@4shared.com,Male,187.168.138.251
75,Ainslie,Freemantle,afreemantle22@howstuffworks.com,Female,134.40.98.43
76,Dale,Sidgwick,dsidgwick23@shutterfly.com,Bigender,211.59.44.148
77,Brig,Pirdy,bpirdy24@spiegel.de,Male,120.116.43.39
78,Letty,Elmes,lelmes25@livejournal.com,Genderqueer,207.247.192.142
79,Lynda,Blenkiron,lblenkiron26@unesco.org,Female,219.219.253.36
80,Kary,Schelle,kschelle27@biblegateway.com,Female,83.131.189.150
81,Garvey,McKendry,gmckendry28@spotify.com,Male,124.67.61.169
82,Walker,Schimaschke,wschimaschke29@redcross.org,Polygender,40.243.200.63
83,Ebenezer,Sturgeon,esturgeon2a@opensource.org,Male,215.4.189.197
84,Brendis,Balazot,bbalazot2b@scribd.com,Male,167.79.28.178
85,Jannel,Keemer,jkeemer2c@nymag.com,Female,59.17.184.43
86,Wilie,Kenaway,wkenaway2d@1688.com,Female,238.229.70.88
87,Norman,O'Cridigan,nocridigan2e@harvard.edu,Male,224.245.73.183
88,Lorelle,Ruggiero,lruggiero2f@mail.ru,Non-binary,223.88.182.121
89,Myrlene,McGannon,mmcgannon2g@ibm.com,Female,180.29.189.203
90,Engelbert,Terrelly,eterrelly2h@nydailynews.com,Male,64.82.132.145
91,Barclay,Spare,bspare2i@blogger.com,Male,13.32.99.126
92,Lindi,Rangall,lrangall2j@techcrunch.com,Female,19.28.57.152
93,Scarface,Lorenzetti,slorenzetti2k@reuters.com,Male,97.83.145.88
94,Edward,Lazar,elazar2l@privacy.gov.au,Male,170.62.72.80
95,Casey,Pitcock,cpitcock2m@dmoz.org,Female,117.227.83.232
96,Odilia,Petegree,opetegree2n@businessweek.com,Female,103.63.197.164
97,Tildy,Dobrowolski,tdobrowolski2o@ucoz.com,Female,17.220.128.95
98,Jules,Withey,jwithey2p@cmu.edu,Male,78.133.86.129
99,Fletcher,Gilligan,fgilligan2q@reverbnation.com,Male,72.49.135.192
100,Alexandro,Kingsly,akingsly2r@facebook.com,Male,148.247.114.116
