id,first_name,last_name,email,gender,ip_address
101,Avram,Hagley,ahagley0@a8.net,Male,166.251.139.137
102,Carolan,Swetman,cswetman1@yellowpages.com,Female,185.219.174.234
103,Jillie,Fincke,jfincke2@examiner.com,Polygender,88.168.99.223
104,Renaud,Fergusson,rfergusson3@sitemeter.com,Male,152.123.23.179
105,Emma,Osbaldeston,eosbaldeston4@irs.gov,Female,151.63.151.59
106,Paule,Staining,pstaining5@google.es,Female,40.207.149.47
107,Ianthe,Iwanowski,iiwanowski6@ask.com,Female,123.136.93.215
108,Porter,De Filippi,pdefilippi7@clickbank.net,Male,70.24.149.251
109,Mikkel,Bricket,mbricket8@ft.com,Male,203.38.198.171
110,Richmond,Gwinnett,rgwinnett9@google.com,Male,106.241.218.142
111,Perry,Tern,pterna@networksolutions.com,Female,25.81.197.31
112,Guinevere,Somersett,gsomersettb@diigo.com,Female,249.13.118.8
113,Krystyna,Silverwood,ksilverwoodc@nydailynews.com,Female,145.161.234.61
114,Francklyn,Coulter,fcoulterd@amazonaws.com,Genderqueer,69.172.247.143
115,Elbert,McClifferty,emccliffertye@lulu.com,Male,139.29.194.175
116,Lucila,Yukhnini,lyukhninif@tumblr.com,Female,59.128.93.133
117,Washington,Ritchings,writchingsg@taobao.com,Male,158.175.63.246
118,Bill,But,bbuth@google.de,Female,21.133.12.185
119,Bambie,Triggle,btrigglei@china.com.cn,Female,206.100.8.92
120,Estella,Smalridge,esmalridgej@com.com,Female,162.136.5.148
121,Barris,Smees,bsmeesk@wp.com,Male,65.158.149.123
122,Bing,Baitman,bbaitmanl@51.la,Male,9.212.106.213
123,Kelcy,Borchardt,kborchardtm@deliciousdays.com,Female,144.19.181.10
124,Ester,Lismore,elismoren@wunderground.com,Genderfluid,158.104.144.230
125,Terrye,Sillwood,tsillwoodo@thetimes.co.uk,Female,215.171.199.51
126,Flossie,Gye,fgyep@cpanel.net,Female,226.252.9.171
127,Wilfrid,Beadham,wbeadhamq@google.fr,Male,213.50.105.32
128,Barnett,Simmonett,bsimmonettr@upenn.edu,Male,102.229.221.60
129,Moishe,Tellett,mtelletts@furl.net,Male,222.41.106.164
130,Hercule,Rowan,hrowant@census.gov,Male,83.225.191.100
131,Malvina,Grisbrook,mgrisbrooku@wp.com,Female,55.209.44.113
132,Libbi,Scanlin,lscanlinv@icq.com,Female,74.129.62.98
133,Corny,Maw,cmaww@examiner.com,Female,35.202.74.204
134,Desi,Lanphere,dlanpherex@themeforest.net,Genderqueer,4.112.103.207
135,Felic,O'Sculley,fosculleyy@sfgate.com,Male,212.97.162.225
136,Ulysses,Conibear,uconibearz@tripadvisor.com,Male,201.221.141.45
137,Gloriana,Hook,ghook10@alibaba.com,Polygender,236.70.54.233
138,Freeman,Bosden,fbosden11@imgur.com,Male,180.38.92.14
139,Adrian,Haddy,ahaddy12@irs.gov,Female,169.141.181.43
140,Gilberta,Stainton,gstainton13@dion.ne.jp,Female,154.231.166.201
141,Ewan,Bienvenu,ebienvenu14@mysql.com,Male,248.149.237.101
142,Raynor,Strute,rstrute15@unc.edu,Male,229.231.119.185
143,Elenore,Bucher,ebucher16@google.cn,Agender,179.24.175.46
144,Sydney,Jendrich,sjendrich17@mediafire.com,Male,107.130.140.178
145,Danya,Ricciardello,dricciardello18@networksolutions.com,Male,252.78.203.49
146,Del,Craxford,dcraxford19@springer.com,Female,198.24.192.179
147,Kilian,Cordelette,kcordelette1a@princeton.edu,Male,125.209.87.228
148,Flin,Gwillyam,fgwillyam1b@rambler.ru,Male,80.96.206.128
149,Verney,Harty,vharty1c@nydailynews.com,Male,55.85.101.53
150,Faythe,Roebottom,froebottom1d@mlb.com,Female,162.20.120.5
151,Wyn,O'Fielly,wofielly1e@abc.net.au,Male,123.120.239.213
152,Nikolaus,McTurk,nmcturk1f@npr.org,Male,240.100.238.193
153,Thaddeus,Linn,tlinn1g@newsvine.com,Male,214.227.190.74
154,Leslie,Antognetti,lantognetti1h@pagesperso-orange.fr,Male,152.197.130.205
155,Laney,Kesterton,lkesterton1i@seesaa.net,Genderfluid,24.164.235.48
156,Isador,Cornilleau,icornilleau1j@redcross.org,Male,138.184.19.189
157,Fred,Britto,fbritto1k@gnu.org,Female,237.247.125.175
158,Brice,Worgan,bworgan1l@fotki.com,Male,69.117.126.87
159,Gena,Odhams,godhams1m@photobucket.com,Agender,188.68.105.254
160,Clyde,Espino,cespino1n@netscape.com,Male,51.198.200.31
161,Layton,Tomowicz,ltomowicz1o@xing.com,Male,138.148.3.111
162,Dukey,Icom,dicom1p@walmart.com,Male,63.222.169.184
163,Fanni,Fulger,ffulger1q@sitemeter.com,Female,49.192.148.253
164,Page,Jados,pjados1r@newsvine.com,Male,159.10.183.239
165,Kaleb,Rodolfi,krodolfi1s@clickbank.net,Male,106.195.12.166
166,Barbara,Burdas,bburdas1t@blinklist.com,Female,223.113.213.26
167,Trudy,Gwinnell,tgwinnell1u@pen.io,Genderfluid,86.130.253.111
168,Tedra,Millbank,tmillbank1v@imageshack.us,Polygender,51.174.227.140
169,Nanny,Abramovic,nabramovic1w@amazon.com,Genderfluid,91.11.147.76
170,Sharia,Cock,scock1x@tripadvisor.com,Female,177.75.201.214
171,Skipton,Mauvin,smauvin1y@springer.com,Male,0.115.216.175
172,Dionis,Reneke,dreneke1z@dedecms.com,Female,57.46.108.31
173,Kaylil,Freiberg,kfreiberg20@thetimes.co.uk,Female,90.14.240.142
174,Saidee,Yetman,syetman21@umich.edu,Female,2.5.42.206
175,Clementia,Yosevitz,cyosevitz22@unc.edu,Female,45.178.183.73
176,Bonita,Chorlton,bchorlton23@pagesperso-orange.fr,Female,106.194.179.131
177,Aldin,Frankes,afrankes24@admin.ch,Male,217.101.15.18
178,Murdoch,Anelay,manelay25@deviantart.com,Male,219.177.17.224
179,Frederick,Hanhardt,fhanhardt26@photobucket.com,Male,242.121.74.164
180,Druci,Newe,dnewe27@amazon.com,Female,254.201.2.76
181,David,Sterley,dsterley28@xinhuanet.com,Male,97.1.163.131
182,Vanessa,Honeyghan,vhoneyghan29@cmu.edu,Female,43.109.91.133
183,Janella,Blake,jblake2a@tumblr.com,Genderfluid,107.171.67.161
184,Melba,Gwillim,mgwillim2b@shinystat.com,Female,150.250.166.214
185,Clarissa,Jimmes,cjimmes2c@instagram.com,Female,201.243.119.77
186,Gallard,Sambals,gsambals2d@samsung.com,Male,75.53.98.227
187,Marjy,Roskruge,mroskruge2e@csmonitor.com,Genderfluid,22.119.201.104
188,Jenelle,Burchess,jburchess2f@nymag.com,Female,44.157.93.117
189,Gaelan,Caldecott,gcaldecott2g@amazon.com,Male,209.18.88.35
190,Juliane,Fudger,jfudger2h@npr.org,Female,221.175.162.106
191,Rebekkah,Jouandet,rjouandet2i@ox.ac.uk,Agender,51.196.132.81
192,Cristabel,Crinkley,ccrinkley2j@pbs.org,Bigender,8.13.246.135
193,Bil,Hudspith,bhudspith2k@reddit.com,Male,56.184.6.164
194,Gerri,McAtamney,gmcatamney2l@china.com.cn,Male,192.96.148.44
195,Charlot,Chaudhry,cchaudhry2m@yahoo.co.jp,Female,51.87.129.191
196,Biddy,Corradetti,bcorradetti2n@miitbeian.gov.cn,Genderqueer,85.63.30.150
197,Farah,Wisam,fwisam2o@tiny.cc,Female,88.159.247.246
198,Kial,Mattisssen,kmattisssen2p@e-recht24.de,Female,195.113.153.169
199,Idalia,Tully,itully2q@sbwire.com,Female,245.212.213.225
200,Son,Pryell,spryell2r@joomla.org,Male,24.148.141.153
201,Glynnis,Harget,gharget2s@state.tx.us,Female,124.174.97.53
202,Natividad,Poyser,npoyser2t@hostgator.com,Female,118.54.65.83
203,Normie,Pleavin,npleavin2u@apple.com,Male,234.65.103.246
204,Timoteo,Jovanovic,tjovanovic2v@privacy.gov.au,Male,78.44.150.189
205,Jennee,Gheorghie,jgheorghie2w@apple.com,Female,45.11.132.99
206,Greggory,Bignell,gbignell2x@thetimes.co.uk,Male,201.58.57.89
207,Juliana,Iverson,jiverson2y@amazon.com,Female,138.157.66.141
208,Damita,Matresse,dmatresse2z@yelp.com,Female,222.1.100.160
209,Vivyan,Scarrisbrick,vscarrisbrick30@sina.com.cn,Genderqueer,6.85.168.220
210,Jerrilyn,Pierpoint,jpierpoint31@indiatimes.com,Genderqueer,197.216.70.50
211,Garald,Fley,gfley32@tamu.edu,Male,85.221.92.203
212,Lenore,Lammenga,llammenga33@cmu.edu,Female,248.159.211.2
213,Kynthia,Esley,kesley34@vimeo.com,Female,46.250.20.167
214,Clifford,McQuilliam,cmcquilliam35@dropbox.com,Male,157.24.65.42
215,Dulcea,Escoffier,descoffier36@cam.ac.uk,Female,156.218.74.121
216,Mar,Comelini,mcomelini37@indiatimes.com,Male,19.255.116.86
217,Junia,De Caroli,jdecaroli38@yelp.com,Female,8.189.152.123
218,Tatiania,Clackson,tclackson39@state.gov,Female,119.217.29.56
219,Angelita,Ahrend,aahrend3a@pagesperso-orange.fr,Female,59.68.156.52
220,Alyce,Gregine,agregine3b@g.co,Female,13.129.149.119
221,Opaline,Santino,osantino3c@psu.edu,Female,206.72.178.74
222,Arlan,Fruchon,afruchon3d@japanpost.jp,Male,248.143.215.225
223,Byron,Stolting,bstolting3e@amazonaws.com,Male,40.90.25.91
224,Nellie,Elmar,nelmar3f@uol.com.br,Female,5.224.104.95
225,Morgun,Huggins,mhuggins3g@constantcontact.com,Male,14.21.5.227
226,Correy,Fahy,cfahy3h@msu.edu,Male,208.145.210.113
227,Susi,Edmeades,sedmeades3i@example.com,Female,137.15.195.218
228,Niall,Ronchetti,nronchetti3j@columbia.edu,Male,94.46.36.34
229,Wandis,Woodstock,wwoodstock3k@discuz.net,Female,0.112.145.96
230,Adelheid,McCowan,amccowan3l@who.int,Polygender,69.204.103.225
231,Katerina,Westraw,kwestraw3m@ca.gov,Female,177.207.195.136
232,Dorri,Delacour,ddelacour3n@homestead.com,Female,221.69.175.178
233,Tabbie,Livingstone,tlivingstone3o@discovery.com,Male,188.114.7.1
234,Kristo,Wikey,kwikey3p@ca.gov,Male,13.127.196.52
235,Korella,Vinter,kvinter3q@netvibes.com,Female,39.164.126.207
236,Veronica,McVanamy,vmcvanamy3r@unblog.fr,Female,189.73.112.42
237,Tulley,Burrows,tburrows3s@woothemes.com,Male,139.237.42.151
238,Sula,Castillon,scastillon3t@mlb.com,Female,11.217.55.35
239,Oralia,Chavey,ochavey3u@mashable.com,Female,18.202.132.137
240,Isahella,MacTrusty,imactrusty3v@house.gov,Female,60.88.130.148
241,Leia,Garrity,lgarrity3w@deviantart.com,Female,236.219.210.126
242,Noam,Shrive,nshrive3x@gmpg.org,Male,69.210.177.95
243,Chantal,Lodwick,clodwick3y@drupal.org,Female,7.23.241.232
244,Goldi,Norcliffe,gnorcliffe3z@squarespace.com,Female,125.31.41.101
245,Nessi,Laidler,nlaidler40@oaic.gov.au,Female,166.81.160.171
246,Chrissy,Cantwell,ccantwell41@rambler.ru,Male,1.126.249.51
247,Pascal,Ware,pware42@economist.com,Bigender,148.173.81.224
248,Rodge,Walduck,rwalduck43@admin.ch,Male,74.66.245.120
249,Amalie,Cussons,acussons44@issuu.com,Female,112.240.123.150
250,Adara,Dowson,adowson45@merriam-webster.com,Female,59.138.244.18
251,Gerrard,Ofen,gofen46@posterous.com,Male,82.188.19.18
252,Deni,Skellen,dskellen47@skype.com,Female,91.105.248.21
253,Conroy,Gilford,cgilford48@addtoany.com,Male,18.119.232.121
254,Bengt,Sieghart,bsieghart49@google.es,Polygender,53.243.105.139
255,Drake,Dyerson,ddyerson4a@slideshare.net,Male,48.201.226.87
256,Siffre,Robertelli,srobertelli4b@wisc.edu,Male,180.28.180.129
257,Joellyn,Balderston,jbalderston4c@epa.gov,Genderqueer,85.183.180.116
258,Antony,Nystrom,anystrom4d@fda.gov,Male,167.206.90.27
259,Jory,Capron,jcapron4e@dion.ne.jp,Male,109.80.31.9
260,Chantal,Francesc,cfrancesc4f@sourceforge.net,Female,49.143.244.204
261,Emelita,Sunock,esunock4g@123-reg.co.uk,Female,232.111.24.229
262,Lorinda,Muzzall,lmuzzall4h@sohu.com,Female,30.103.192.187
263,Emerson,Daintrey,edaintrey4i@webeden.co.uk,Male,126.78.91.123
264,Demetre,Deble,ddeble4j@jalbum.net,Male,57.58.89.188
265,Nefen,Cowill,ncowill4k@mozilla.org,Male,80.246.96.221
266,Sara,Bazylets,sbazylets4l@marriott.com,Female,126.83.120.132
267,Roi,Gowans,rgowans4m@state.gov,Male,56.82.33.184
268,Rorie,Shall,rshall4n@imdb.com,Female,111.68.134.63
269,Calley,Monkleigh,cmonkleigh4o@baidu.com,Female,92.154.224.102
270,Elberta,Godsell,egodsell4p@gov.uk,Female,35.152.150.41
271,Tobi,Longmuir,tlongmuir4q@stumbleupon.com,Female,174.19.238.178
272,Anna,McRitchie,amcritchie4r@histats.com,Female,30.123.167.92
273,Leonardo,Dibdall,ldibdall4s@etsy.com,Male,169.154.146.220
274,Carmine,Ziemen,cziemen4t@macromedia.com,Female,64.173.74.197
275,Maitilde,Cellone,mcellone4u@china.com.cn,Female,45.65.46.105
276,Erminie,Canner,ecanner4v@nih.gov,Female,157.85.195.134
277,Aurilia,Zumbusch,azumbusch4w@boston.com,Female,249.115.187.7
278,Griffith,Galego,ggalego4x@posterous.com,Male,190.247.93.31
279,Carmina,Jewster,cjewster4y@issuu.com,Female,157.15.103.226
280,Myrwyn,Ivakin,mivakin4z@ftc.gov,Male,37.219.219.170
281,Hussein,McClaurie,hmcclaurie50@soundcloud.com,Male,51.43.129.88
282,Phillis,Densham,pdensham51@biblegateway.com,Female,22.143.202.250
283,Hewett,Dabling,hdabling52@pcworld.com,Male,223.204.29.229
284,Lotte,Haukey,lhaukey53@stumbleupon.com,Female,183.205.11.86
285,Crista,Legion,clegion54@pbs.org,Genderqueer,230.240.21.75
286,Etheline,O' Hern,eohern55@vk.com,Female,125.35.174.88
287,Giff,Gillion,ggillion56@elegantthemes.com,Male,209.247.72.136
288,Julita,Benech,jbenech57@joomla.org,Female,240.31.183.217
289,Bastien,Wilkenson,bwilkenson58@etsy.com,Male,29.2.30.40
290,Theresita,Loddon,tloddon59@rediff.com,Female,213.62.254.238
291,Phaidra,Belasco,pbelasco5a@mit.edu,Female,180.50.86.213
292,Lew,McKinlay,lmckinlay5b@quantcast.com,Agender,219.73.102.111
293,Selby,Johanchon,sjohanchon5c@wunderground.com,Male,124.129.135.240
294,Michel,Maruska,mmaruska5d@blinklist.com,Female,70.64.75.167
295,Ginni,Sheaf,gsheaf5e@netlog.com,Female,139.220.114.23
296,Diane-marie,Halfhide,dhalfhide5f@myspace.com,Female,85.34.54.162
297,Ardis,Tincey,atincey5g@accuweather.com,Female,159.9.29.213
298,Adriena,Craghead,acraghead5h@youtube.com,Female,230.162.44.242
299,Lana,Helian,lhelian5i@istockphoto.com,Female,31.175.77.192
300,Eran,Goatcher,egoatcher5j@ocn.ne.jp,Female,205.87.216.212
301,Rachael,Slyman,rslyman5k@pinterest.com,Non-binary,214.113.191.37
302,Tommi,Lippett,tlippett5l@networksolutions.com,Female,96.180.214.75
303,Waite,Walkden,wwalkden5m@ovh.net,Male,217.241.61.5
304,Lancelot,Aisbett,laisbett5n@tmall.com,Male,155.212.245.216
305,Alameda,Jackett,ajackett5o@boston.com,Female,167.42.164.193
306,Merwin,Richfield,mrichfield5p@t.co,Male,32.235.251.18
307,Florrie,Binns,fbinns5q@printfriendly.com,Female,207.242.140.159
308,Juliane,Sellack,jsellack5r@latimes.com,Female,5.241.252.248
309,Vernice,Coole,vcoole5s@netvibes.com,Female,99.127.28.166
310,Ciel,Pereira,cpereira5t@blogger.com,Female,192.230.86.239
311,Lorie,O'Drought,lodrought5u@fastcompany.com,Genderqueer,160.177.210.54
312,Krystle,Edens,kedens5v@wp.com,Female,210.76.243.232
313,Lusa,Frye,lfrye5w@bigcartel.com,Female,71.69.197.93
314,Reine,Knaggs,rknaggs5x@drupal.org,Female,80.136.98.230
315,Esme,Bottrill,ebottrill5y@about.com,Male,32.50.249.167
316,Garvin,Kyme,gkyme5z@cmu.edu,Male,22.220.74.211
317,Isidoro,Cough,icough60@si.edu,Male,80.167.162.194
318,Aubrette,Fine,afine61@statcounter.com,Female,156.176.171.151
319,Elsbeth,Bilverstone,ebilverstone62@archive.org,Female,212.184.6.221
320,Sharlene,Colomb,scolomb63@homestead.com,Female,38.85.143.1
321,Brynn,Attoc,battoc64@storify.com,Female,182.60.185.189
322,Deloris,Renihan,drenihan65@so-net.ne.jp,Female,123.96.117.0
323,Marven,Kear,mkear66@cbslocal.com,Male,6.24.44.93
324,Georgine,Drackford,gdrackford67@census.gov,Female,181.227.141.179
325,Urbanus,Bartlett,ubartlett68@dailymail.co.uk,Male,209.210.109.208
326,Dante,Tullett,dtullett69@twitter.com,Male,66.97.53.253
327,Trumaine,Gwilym,tgwilym6a@networksolutions.com,Male,42.62.191.210
328,Constantina,Leake,cleake6b@cargocollective.com,Female,153.116.116.255
329,Sal,MacAskill,smacaskill6c@newsvine.com,Female,123.25.197.97
330,Gayler,Portwaine,gportwaine6d@newyorker.com,Male,163.63.177.16
331,Cathy,Alesio,calesio6e@uol.com.br,Female,198.237.140.155
332,Erastus,Schubuser,eschubuser6f@dailymail.co.uk,Male,19.63.169.209
333,Lisle,Nund,lnund6g@wikia.com,Male,67.204.234.199
334,Etienne,Edmeads,eedmeads6h@flickr.com,Male,143.208.232.131
335,Trent,Insole,tinsole6i@cisco.com,Male,45.197.141.244
336,Pammi,Alderton,palderton6j@networkadvertising.org,Female,89.127.15.144
337,Hersch,Sandcroft,hsandcroft6k@army.mil,Male,216.145.128.32
338,Sully,Feedham,sfeedham6l@toplist.cz,Male,168.220.156.107
339,Marys,Lenz,mlenz6m@bravesites.com,Female,106.34.20.147
340,Guy,Lauthian,glauthian6n@symantec.com,Male,96.152.76.204
341,Tonia,Pargeter,tpargeter6o@aol.com,Female,65.32.246.150
342,Joellyn,Ritchard,jritchard6p@fc2.com,Female,107.137.221.72
343,Fred,Freebury,ffreebury6q@java.com,Female,98.234.232.142
344,Adolphe,Risely,arisely6r@1und1.de,Male,116.72.254.71
345,Rodolph,Cote,rcote6s@salon.com,Male,7.161.138.122
346,Lin,Cattrell,lcattrell6t@ow.ly,Male,208.225.41.127
347,Rip,Beagley,rbeagley6u@spiegel.de,Agender,109.250.63.20
348,Craggy,Wildgoose,cwildgoose6v@wordpress.org,Male,54.100.4.21
349,Ursola,Yeoland,uyeoland6w@simplemachines.org,Female,249.8.197.67
350,Sofia,Semour,ssemour6x@icq.com,Non-binary,237.160.214.105
351,Boone,Banford,bbanford6y@cnn.com,Male,96.119.178.39
352,Arnold,Ahrens,aahrens6z@squidoo.com,Male,157.25.0.221
353,Lizabeth,Birchenough,lbirchenough70@godaddy.com,Female,23.82.252.204
354,Kim,Petican,kpetican71@tumblr.com,Female,202.63.192.93
355,Zorah,Nourse,znourse72@arizona.edu,Female,245.146.17.243
356,Olive,Iacivelli,oiacivelli73@yelp.com,Non-binary,144.54.227.71
357,Berne,Aleavy,baleavy74@desdev.cn,Male,17.251.98.188
358,Masha,Lambal,mlambal75@timesonline.co.uk,Female,184.172.142.135
359,Iago,Pawden,ipawden76@ebay.co.uk,Male,6.72.227.222
360,Petra,Coakley,pcoakley77@businessinsider.com,Female,200.199.114.99
361,Kristan,Matchitt,kmatchitt78@bing.com,Female,5.191.145.95
362,Victoria,Cottage,vcottage79@delicious.com,Female,39.183.76.220
363,Gregor,Gothup,ggothup7a@etsy.com,Male,191.74.173.124
364,Tabby,Anglish,tanglish7b@yellowbook.com,Female,228.108.83.120
365,Filide,Doget,fdoget7c@yandex.ru,Female,7.111.3.190
366,Sara,Burchnall,sburchnall7d@e-recht24.de,Agender,200.10.242.159
367,Berne,Polly,bpolly7e@un.org,Male,74.123.51.248
368,Buffy,Penhearow,bpenhearow7f@msu.edu,Female,26.218.161.80
369,Marya,Chansonnau,mchansonnau7g@nationalgeographic.com,Polygender,137.19.66.231
370,Adriaens,By,aby7h@senate.gov,Female,25.143.12.58
371,Todd,Cranstone,tcranstone7i@icio.us,Male,118.219.170.171
372,Ingamar,Matokhnin,imatokhnin7j@ovh.net,Genderfluid,137.83.239.3
373,Harland,Bladder,hbladder7k@phoca.cz,Male,63.28.42.13
374,Star,Devine,sdevine7l@oaic.gov.au,Female,202.21.101.122
375,Ezmeralda,Benitez,ebenitez7m@dell.com,Female,192.113.124.75
376,Carolina,Pettigree,cpettigree7n@economist.com,Female,44.92.98.147
377,Donelle,Dunk,ddunk7o@biblegateway.com,Female,204.83.8.64
378,Sutherland,Barnett,sbarnett7p@alexa.com,Male,83.203.147.71
379,Ninnetta,Abrahart,nabrahart7q@photobucket.com,Female,242.124.162.103
380,Orton,Tukesby,otukesby7r@slideshare.net,Male,114.240.97.196
381,Thia,Flook,tflook7s@reuters.com,Female,52.224.169.71
382,Marius,Piet,mpiet7t@loc.gov,Male,137.222.117.72
383,Del,Calven,dcalven7u@typepad.com,Non-binary,65.134.78.140
384,Jodi,O'Downe,jodowne7v@dell.com,Male,117.151.95.15
385,Elisha,Vedishchev,evedishchev7w@merriam-webster.com,Female,69.58.221.58
386,Erica,Cayette,ecayette7x@parallels.com,Female,10.77.15.123
387,Crysta,Curnnokk,ccurnnokk7y@shutterfly.com,Female,48.146.91.6
388,Jerrilyn,Moralee,jmoralee7z@patch.com,Female,237.104.106.110
389,Wallie,Maso,wmaso80@wufoo.com,Female,246.150.229.29
390,Cosmo,Climar,cclimar81@yahoo.co.jp,Male,206.243.235.124
391,Kipp,Hynard,khynard82@samsung.com,Female,75.76.137.44
392,Karolina,Care,kcare83@arizona.edu,Polygender,59.161.224.252
393,Astrix,Sheahan,asheahan84@miibeian.gov.cn,Female,173.247.199.41
394,Sharai,Kidner,skidner85@forbes.com,Female,26.122.197.147
395,Rouvin,Snow,rsnow86@merriam-webster.com,Male,7.56.34.154
396,Tildie,O'Spellissey,tospellissey87@flavors.me,Genderfluid,158.108.185.163
397,Delbert,Jovicevic,djovicevic88@dailymail.co.uk,Male,143.53.21.234
398,Tobe,Pennaman,tpennaman89@earthlink.net,Male,95.170.47.50
399,Domini,Rens,drens8a@comsenz.com,Female,52.136.138.173
400,Cammi,Paoloni,cpaoloni8b@tuttocitta.it,Female,243.214.171.41
401,Aldus,Bruhnicke,abruhnicke8c@google.co.uk,Male,125.203.135.12
402,Vannie,Ertelt,vertelt8d@flickr.com,Female,133.19.63.99
403,Felicle,Stansell,fstansell8e@wunderground.com,Female,2.114.126.43
404,Cacilie,Lundie,clundie8f@theatlantic.com,Female,190.101.106.217
405,Roman,Bigglestone,rbigglestone8g@reddit.com,Male,162.233.33.113
406,Dotty,Chicotti,dchicotti8h@ezinearticles.com,Female,162.126.141.119
407,Irvin,Pattillo,ipattillo8i@whitehouse.gov,Male,221.148.107.8
408,Carmen,Amey,camey8j@ft.com,Female,11.127.139.184
409,Dilan,Dashwood,ddashwood8k@vkontakte.ru,Male,243.228.212.244
410,Jolyn,Wellum,jwellum8l@rakuten.co.jp,Genderfluid,185.204.165.185
411,Ashbey,MacEnelly,amacenelly8m@t.co,Male,26.140.71.139
412,Rory,Vipan,rvipan8n@japanpost.jp,Male,215.98.82.107
413,Elnore,Hansard,ehansard8o@nba.com,Female,5.225.118.111
414,Cordelia,Sailes,csailes8p@yelp.com,Female,254.166.22.126
415,Dwight,Halsall,dhalsall8q@dailymail.co.uk,Genderfluid,17.120.226.112
416,Sybila,Mattea,smattea8r@blinklist.com,Female,215.8.140.100
417,Cord,Rickaert,crickaert8s@yellowpages.com,Male,125.92.38.234
418,Quinton,Scarasbrick,qscarasbrick8t@timesonline.co.uk,Male,236.60.183.28
419,Philomena,Fishleigh,pfishleigh8u@technorati.com,Female,10.78.172.76
420,Margery,Ellen,mellen8v@yellowpages.com,Female,202.204.98.22
421,Anson,Richarson,aricharson8w@desdev.cn,Bigender,216.86.21.228
422,Rosemarie,Follet,rfollet8x@studiopress.com,Female,155.81.72.178
423,Warner,Streatley,wstreatley8y@mozilla.com,Male,116.181.98.223
424,Graehme,Penni,gpenni8z@cisco.com,Male,122.158.177.198
425,Sigfrid,Strain,sstrain90@zdnet.com,Male,88.154.222.15
426,Rorke,Bartlett,rbartlett91@hatena.ne.jp,Male,133.50.222.72
427,Leigh,Chander,lchander92@mayoclinic.com,Male,246.69.21.103
428,Helen-elizabeth,Grealish,hgrealish93@cornell.edu,Female,19.10.226.144
429,Bambi,Veryan,bveryan94@ycombinator.com,Female,229.150.6.228
430,Rockey,Garfitt,rgarfitt95@yolasite.com,Male,121.82.62.70
431,Jackquelin,Ixer,jixer96@addtoany.com,Female,236.165.175.4
432,Barnie,Culbert,bculbert97@privacy.gov.au,Male,64.186.120.60
433,Any,Pauncefort,apauncefort98@cornell.edu,Polygender,107.129.244.220
434,Jacinthe,Guymer,jguymer99@nymag.com,Female,150.167.32.195
435,Yard,Harriman,yharriman9a@purevolume.com,Male,202.253.210.225
436,Juditha,Bainton,jbainton9b@ucoz.com,Female,222.184.220.61
437,Darius,Galloway,dgalloway9c@livejournal.com,Male,63.240.238.155
438,Benn,Shavel,bshavel9d@pcworld.com,Male,105.164.218.246
439,Gearard,Manie,gmanie9e@intel.com,Male,113.11.157.98
440,Nico,Pires,npires9f@howstuffworks.com,Male,67.78.59.102
441,Graeme,Cruz,gcruz9g@dot.gov,Male,215.118.50.161
442,Linnea,Gamlen,lgamlen9h@tiny.cc,Female,154.201.80.192
443,Almeta,Strange,astrange9i@creativecommons.org,Female,226.240.73.178
444,Cass,Spurman,cspurman9j@fema.gov,Male,69.37.25.82
445,Lydon,Ollerhad,lollerhad9k@hubpages.com,Male,241.251.125.151
446,Rowney,Upson,rupson9l@timesonline.co.uk,Male,113.208.23.209
447,Marion,Labbet,mlabbet9m@godaddy.com,Male,235.23.155.178
448,Layne,Attrill,lattrill9n@quantcast.com,Female,111.178.3.241
449,Jenni,Feather,jfeather9o@home.pl,Female,240.113.123.10
450,Natalee,Pemble,npemble9p@vimeo.com,Female,160.185.184.35
451,Woodrow,Philippault,wphilippault9q@wisc.edu,Male,118.139.42.219
452,Heall,Bourtoumieux,hbourtoumieux9r@ftc.gov,Male,9.54.70.17
453,Berget,Kyme,bkyme9s@delicious.com,Female,182.113.84.183
454,Brenn,Ancketill,bancketill9t@technorati.com,Female,96.237.111.206
455,Sigismond,Collumbell,scollumbell9u@businessweek.com,Male,91.214.185.7
456,Kellyann,Haggidon,khaggidon9v@usa.gov,Female,252.194.60.45
457,Drugi,Dalling,ddalling9w@prnewswire.com,Male,234.200.77.156
458,Mechelle,O'Hartagan,mohartagan9x@mashable.com,Female,159.174.126.50
459,Obidiah,Charopen,ocharopen9y@vinaora.com,Polygender,116.233.93.159
460,Eric,Dofty,edofty9z@dropbox.com,Male,181.83.216.16
461,Moll,Fynn,mfynna0@technorati.com,Female,147.247.205.123
462,Alphonse,Goggin,agoggina1@bbc.co.uk,Male,117.84.69.232
463,Edy,Zammett,ezammetta2@chron.com,Female,207.164.73.245
464,Farlie,Scaddon,fscaddona3@123-reg.co.uk,Male,238.86.162.136
465,Raimondo,Disbrow,rdisbrowa4@sfgate.com,Male,251.218.172.138
466,Beret,Piercy,bpiercya5@skype.com,Female,174.149.242.161
467,Louella,Yukhtin,lyukhtina6@photobucket.com,Female,194.73.253.187
468,Willem,Pendre,wpendrea7@naver.com,Male,249.9.12.147
469,Dorella,Androletti,dandrolettia8@macromedia.com,Female,55.189.24.53
470,Jessie,MacGoun,jmacgouna9@wisc.edu,Male,68.190.0.53
471,Giraldo,Simmill,gsimmillaa@narod.ru,Male,187.205.252.118
472,Sabra,Wabersich,swabersichab@census.gov,Female,249.106.197.83
473,Kenny,Booty,kbootyac@diigo.com,Male,95.63.108.210
474,Dav,Bowles,dbowlesad@google.co.uk,Male,190.176.233.59
475,Duff,Gotts,dgottsae@simplemachines.org,Male,42.162.202.32
476,Fred,Bauduccio,fbauduccioaf@fc2.com,Female,230.60.81.154
477,Bear,Dufton,bduftonag@posterous.com,Male,107.54.113.139
478,Alick,Hitzmann,ahitzmannah@dailymail.co.uk,Male,16.95.151.209
479,Den,Boothe,dbootheai@zdnet.com,Male,99.244.112.43
480,Bradney,Gavey,bgaveyaj@google.it,Male,28.113.80.190
481,Suzette,Gianelli,sgianelliak@opera.com,Female,97.46.36.183
482,Georgetta,Seeviour,gseevioural@usnews.com,Female,179.112.166.6
483,Heall,Meffen,hmeffenam@webnode.com,Male,229.150.251.248
484,Tamarah,Batchelder,tbatchelderan@mayoclinic.com,Female,144.208.203.88
485,Dannie,Ander,danderao@weibo.com,Male,53.124.0.184
486,Ardella,Gipson,agipsonap@g.co,Female,188.182.118.5
487,Kiel,Cogdell,kcogdellaq@vkontakte.ru,Genderqueer,7.165.90.126
488,Jamie,Waslin,jwaslinar@yelp.com,Female,254.76.226.182
489,Osbourne,McEnery,omceneryas@columbia.edu,Male,38.83.39.147
490,Lauree,Philot,lphilotat@virginia.edu,Female,244.246.218.95
491,Auroora,Giorgetti,agiorgettiau@go.com,Female,222.111.73.118
492,Melisandra,Bedminster,mbedminsterav@bandcamp.com,Female,190.66.120.147
493,Catina,Boreland,cborelandaw@biblegateway.com,Female,111.185.39.7
494,Marv,Januszewicz,mjanuszewiczax@sohu.com,Male,216.69.164.186
495,Millicent,Ivimey,mivimeyay@yahoo.com,Female,191.189.105.156
496,Elnora,Senecaut,esenecautaz@si.edu,Female,25.129.55.0
497,Berenice,Bambridge,bbambridgeb0@businessweek.com,Genderqueer,25.117.132.235
498,Devon,Gimlet,dgimletb1@unblog.fr,Female,71.171.203.129
499,Timotheus,Myhan,tmyhanb2@marriott.com,Male,113.235.241.39
500,Eachelle,Burgise,eburgiseb3@buzzfeed.com,Female,1.243.50.36
501,Marie,Elie,melieb4@parallels.com,Female,97.49.99.35
502,Chev,Fatkin,cfatkinb5@nasa.gov,Male,211.197.227.210
503,Robyn,Ormonde,rormondeb6@posterous.com,Female,185.18.78.31
504,Latrena,Conachy,lconachyb7@europa.eu,Female,241.136.242.97
505,Hermy,Tokell,htokellb8@sourceforge.net,Male,181.164.170.2
506,Betteann,Corre,bcorreb9@latimes.com,Female,215.8.48.163
507,Elonore,Livoir,elivoirba@sina.com.cn,Female,107.216.151.69
508,Robinett,Fobidge,rfobidgebb@dailymotion.com,Female,11.235.13.224
509,Tomas,Gueste,tguestebc@twitter.com,Male,126.179.117.34
510,Orella,Bartrap,obartrapbd@ask.com,Female,134.123.234.219
511,Thibaut,Sabie,tsabiebe@creativecommons.org,Male,98.206.162.36
512,Filippo,Barrabeale,fbarrabealebf@flickr.com,Male,58.190.42.79
513,Georgy,Strowlger,gstrowlgerbg@cpanel.net,Male,27.108.167.123
514,Lawton,Milmith,lmilmithbh@marriott.com,Non-binary,245.49.226.30
515,Ninnette,Thulborn,nthulbornbi@qq.com,Female,140.165.155.138
516,Nata,Rains,nrainsbj@wp.com,Non-binary,65.99.145.115
517,Justen,Kellog,jkellogbk@soundcloud.com,Male,189.128.20.152
518,Iorgos,Jankovic,ijankovicbl@bloglovin.com,Non-binary,155.182.150.40
519,Ezequiel,Camplen,ecamplenbm@domainmarket.com,Male,248.35.56.116
520,Marcus,Hanway,mhanwaybn@friendfeed.com,Genderqueer,121.174.177.173
521,Jessy,Atcock,jatcockbo@nifty.com,Female,81.60.205.211
522,Lanny,Dilloway,ldillowaybp@globo.com,Genderfluid,63.244.125.194
523,Kora,Scadden,kscaddenbq@altervista.org,Female,229.62.251.219
524,Emmery,Sheeran,esheeranbr@google.com.br,Male,19.36.252.5
525,Raddie,Varley,rvarleybs@mlb.com,Male,135.248.126.158
526,Kylen,Jimeno,kjimenobt@bigcartel.com,Female,124.191.148.51
527,Chicky,Deadman,cdeadmanbu@barnesandnoble.com,Male,149.99.65.124
528,Mabelle,Cluderay,mcluderaybv@123-reg.co.uk,Female,187.48.44.104
529,Caprice,Jacquest,cjacquestbw@scribd.com,Female,236.80.14.253
530,Angil,Kleanthous,akleanthousbx@indiatimes.com,Female,50.88.132.33
531,Lazare,Grendon,lgrendonby@ucla.edu,Male,91.253.148.199
532,Arda,Verheijden,averheijdenbz@illinois.edu,Female,119.134.211.17
533,Minta,Ferrieres,mferrieresc0@nsw.gov.au,Female,226.82.45.172
534,Bailey,Hearse,bhearsec1@foxnews.com,Male,7.163.211.216
535,Ilario,Fyldes,ifyldesc2@marketwatch.com,Male,68.135.1.145
536,Freeman,Cunningham,fcunninghamc3@sakura.ne.jp,Male,53.9.112.118
537,Brook,Death,bdeathc4@usa.gov,Male,111.233.25.10
538,Aubrie,Krystof,akrystofc5@google.de,Female,197.55.37.176
539,Lynda,Spellessy,lspellessyc6@weebly.com,Female,148.44.224.53
540,Kirsti,Delhay,kdelhayc7@amazon.de,Female,254.112.216.81
541,Bobbi,Marusik,bmarusikc8@buzzfeed.com,Female,1.105.151.29
542,Levey,Sinkins,lsinkinsc9@discuz.net,Male,125.167.231.223
543,Leisha,Hawkeswood,lhawkeswoodca@feedburner.com,Female,110.120.233.42
544,Verina,Lemonby,vlemonbycb@so-net.ne.jp,Female,112.174.100.61
545,Myca,Akers,makerscc@princeton.edu,Male,228.160.170.244
546,Steward,Emmanueli,semmanuelicd@cam.ac.uk,Male,160.101.77.44
547,Wandie,MacNair,wmacnairce@gravatar.com,Female,220.135.145.103
548,Krishnah,Nuzzetti,knuzzetticf@unc.edu,Male,148.253.138.120
549,Tammy,Aloshikin,taloshikincg@redcross.org,Female,168.230.12.141
550,Mayer,Rickaert,mrickaertch@so-net.ne.jp,Male,126.160.127.163
551,Karl,Scyone,kscyoneci@forbes.com,Polygender,199.187.198.40
552,Melissa,Ewen,mewencj@bravesites.com,Female,188.152.195.220
553,Horatia,Bonnell,hbonnellck@clickbank.net,Female,11.235.90.17
554,Kerrie,Syalvester,ksyalvestercl@msn.com,Female,40.145.68.171
555,Jenna,Sellner,jsellnercm@is.gd,Female,45.9.145.122
556,Wynn,Lazare,wlazarecn@hugedomains.com,Female,236.178.172.204
557,Ximenes,Etienne,xetienneco@acquirethisname.com,Male,67.247.22.218
558,Sherri,Vinter,svintercp@cocolog-nifty.com,Polygender,82.17.145.36
559,Gaby,Bartoletti,gbartoletticq@china.com.cn,Female,231.122.88.252
560,Zorah,Willey,zwilleycr@booking.com,Female,113.19.24.245
561,Lorianna,Witherop,lwitheropcs@cbc.ca,Female,148.138.90.150
562,Lukas,Kleinlerer,lkleinlererct@va.gov,Male,166.240.227.17
563,Guglielma,Alford,galfordcu@posterous.com,Female,208.121.207.28
564,Sianna,Kerfut,skerfutcv@state.gov,Female,103.134.238.71
565,Latashia,Powe,lpowecw@patch.com,Female,184.155.68.164
566,Zachery,Standrin,zstandrincx@virginia.edu,Male,43.157.102.254
567,Miner,Johnys,mjohnyscy@naver.com,Male,175.154.41.105
568,Kahlil,Winman,kwinmancz@msu.edu,Male,163.168.33.179
569,Neil,Olland,nollandd0@forbes.com,Genderqueer,203.126.132.29
570,Maryjo,Locard,mlocardd1@japanpost.jp,Female,37.152.59.2
571,Cherida,La Grange,clagranged2@nymag.com,Female,36.224.163.226
572,Melloney,Rabley,mrableyd3@google.nl,Female,174.5.34.34
573,Leicester,Ivanshintsev,livanshintsevd4@about.me,Male,32.183.19.109
574,Stesha,McWilliam,smcwilliamd5@dot.gov,Female,152.125.3.23
575,Priscella,Wybrow,pwybrowd6@noaa.gov,Female,135.210.223.122
576,Stephani,Craik,scraikd7@eventbrite.com,Female,16.33.22.16
577,Cori,Farndale,cfarndaled8@upenn.edu,Female,142.233.117.23
578,Gunar,Eveling,gevelingd9@altervista.org,Agender,56.139.171.100
579,Morse,Chadwyck,mchadwyckda@myspace.com,Male,228.196.40.114
580,Dorthea,Bains,dbainsdb@businesswire.com,Female,107.200.214.62
581,Judie,Burnup,jburnupdc@hubpages.com,Female,19.253.125.110
582,Tamma,Aaron,taarondd@ycombinator.com,Female,196.132.72.63
583,Bard,Darco,bdarcode@archive.org,Male,7.134.69.245
584,Margaret,Ralton,mraltondf@ebay.co.uk,Female,131.240.185.53
585,Leigha,Jeakins,ljeakinsdg@sciencedaily.com,Female,225.82.30.251
586,Emily,Island,eislanddh@cargocollective.com,Female,231.77.39.185
587,Doe,Allso,dallsodi@shinystat.com,Female,210.87.164.104
588,Roanna,Gulland,rgullanddj@yelp.com,Female,203.4.239.134
589,Clari,Bristowe,cbristowedk@cpanel.net,Female,105.150.104.9
590,Toddie,Ferre,tferredl@harvard.edu,Male,207.139.54.67
591,Mortimer,Scanlan,mscanlandm@google.es,Male,212.10.110.58
592,Sigfried,Edelheid,sedelheiddn@biblegateway.com,Male,8.211.92.68
593,Marius,Girone,mgironedo@mac.com,Male,107.52.62.237
594,Aldrich,Maciocia,amaciociadp@ox.ac.uk,Male,181.42.203.152
595,Forbes,Eccott,feccottdq@rakuten.co.jp,Male,191.193.106.61
596,Mile,Jobbins,mjobbinsdr@e-recht24.de,Male,248.9.64.201
597,Fleurette,Mably,fmablyds@4shared.com,Female,167.127.174.152
598,Anthea,Perkin,aperkindt@foxnews.com,Female,139.72.117.39
599,Jermaine,Rossander,jrossanderdu@topsy.com,Female,236.238.166.190
600,Judye,Yarn,jyarndv@ucsd.edu,Female,248.181.240.252
601,Richardo,Gerrish,rgerrishdw@discuz.net,Male,138.45.22.142
602,Hewet,Gutsell,hgutselldx@soup.io,Genderqueer,109.51.210.138
603,Fidelia,Ruthven,fruthvendy@stanford.edu,Female,128.42.208.225
604,Elsy,Bunclark,ebunclarkdz@reference.com,Female,36.31.248.135
605,Link,Szymon,lszymone0@unesco.org,Male,54.70.178.35
606,Maudie,Palia,mpaliae1@seesaa.net,Bigender,174.170.228.155
607,Kore,Gonzalez,kgonzaleze2@narod.ru,Female,237.132.204.171
608,Celestyna,McCann,cmccanne3@ow.ly,Female,128.150.59.149
609,Ulrike,Girauld,ugiraulde4@zimbio.com,Female,243.81.185.109
610,Pincus,Isakov,pisakove5@hostgator.com,Male,30.40.76.141
611,Isak,O'Dougherty,iodoughertye6@about.me,Male,69.39.77.232
612,Koo,Banbrigge,kbanbriggee7@wordpress.org,Female,177.182.16.143
613,Joice,MacAdam,jmacadame8@unicef.org,Female,205.67.84.148
614,Murielle,McLise,mmclisee9@instagram.com,Female,92.68.211.86
615,Gothart,Kirsop,gkirsopea@independent.co.uk,Agender,241.178.91.225
616,Bud,Birtley,bbirtleyeb@naver.com,Male,146.93.109.238
617,Saul,Topping,stoppingec@networkadvertising.org,Male,229.124.149.46
618,Mervin,Readwin,mreadwined@elpais.com,Male,187.197.234.217
619,Katya,Aickin,kaickinee@go.com,Female,150.188.45.8
620,Kyla,Vereker,kverekeref@bigcartel.com,Non-binary,219.52.32.50
621,Humfrid,Klulisek,hklulisekeg@csmonitor.com,Male,82.78.128.163
622,Davie,Ary,daryeh@hud.gov,Male,65.225.27.134
623,Kev,Dowsing,kdowsingei@google.com.br,Male,123.155.22.233
624,Cale,Johns,cjohnsej@jimdo.com,Male,242.123.120.174
625,Chrystal,Degli Antoni,cdegliantoniek@elegantthemes.com,Bigender,197.54.6.68
626,Patrizius,Gurling,pgurlingel@umn.edu,Male,215.137.30.255
627,Natala,Lowless,nlowlessem@bbb.org,Female,36.22.155.12
628,Louisa,Jeal,ljealen@fc2.com,Female,46.201.149.96
629,Bliss,Maymond,bmaymondeo@netscape.com,Genderqueer,79.154.54.39
630,Jesus,Furley,jfurleyep@youtu.be,Male,17.216.175.24
631,Seamus,Bloxam,sbloxameq@webnode.com,Male,101.118.104.39
632,Amelita,Vasiliev,avasiliever@xinhuanet.com,Female,81.67.127.76
633,Burnaby,Gledstane,bgledstanees@oakley.com,Non-binary,121.250.59.173
634,Ailene,Axworthy,aaxworthyet@wp.com,Female,13.112.37.37
635,Minetta,Banfill,mbanfilleu@bloomberg.com,Female,154.26.98.174
636,Thaine,Foxton,tfoxtonev@craigslist.org,Male,143.235.95.18
637,Rubin,Eastcott,reastcottew@mozilla.com,Male,244.31.116.176
638,Marline,Jesty,mjestyex@constantcontact.com,Non-binary,58.161.194.180
639,Danny,Lodwick,dlodwickey@canalblog.com,Non-binary,120.172.114.127
640,Aigneis,Gilvear,agilvearez@baidu.com,Female,26.82.36.101
641,Wilden,Waddilove,wwaddilovef0@php.net,Male,43.4.56.65
642,Vilma,Ferriby,vferribyf1@hp.com,Female,57.246.185.232
643,Felipa,Rois,froisf2@scribd.com,Female,5.150.69.160
644,Trish,Claybourne,tclaybournef3@foxnews.com,Female,191.36.126.10
645,Joann,Pimerick,jpimerickf4@squarespace.com,Female,74.159.52.66
646,Dre,Hulance,dhulancef5@europa.eu,Female,198.212.147.245
647,Rube,Van Waadenburg,rvanwaadenburgf6@gov.uk,Male,8.60.38.11
648,Tommie,Baigent,tbaigentf7@techcrunch.com,Male,214.74.27.144
649,Olav,Strafford,ostraffordf8@sourceforge.net,Male,171.59.213.71
650,Lamont,Marrett,lmarrettf9@nbcnews.com,Male,113.10.172.154
651,Katusha,Elden,keldenfa@ft.com,Female,165.221.169.230
652,Wash,Rubenfeld,wrubenfeldfb@friendfeed.com,Male,93.125.30.191
653,Michaella,Carl,mcarlfc@clickbank.net,Female,202.143.0.147
654,Tan,Sankey,tsankeyfd@answers.com,Male,63.160.161.189
655,Morton,Rogers,mrogersfe@businesswire.com,Male,7.193.84.171
656,Kassandra,Calvert,kcalvertff@histats.com,Female,105.88.134.147
657,Dunn,Basketfield,dbasketfieldfg@dmoz.org,Male,69.9.202.46
658,Sonnie,Byrkmyr,sbyrkmyrfh@yahoo.com,Male,9.34.145.19
659,Andromache,Pierri,apierrifi@fema.gov,Female,189.95.66.160
660,Gerhard,Rehorek,grehorekfj@marriott.com,Male,45.30.183.8
661,Burton,Prater,bpraterfk@telegraph.co.uk,Polygender,85.87.142.250
662,Nickie,Springtorpe,nspringtorpefl@vimeo.com,Female,2.82.118.146
663,Mandi,McKerlie,mmckerliefm@ustream.tv,Female,175.42.200.1
664,Teresa,Shieber,tshieberfn@tmall.com,Polygender,8.197.67.97
665,Sidney,Lillyman,slillymanfo@elpais.com,Bigender,64.95.182.220
666,Lindi,Broadley,lbroadleyfp@mozilla.org,Female,249.242.26.36
667,Matilde,Kleinzweig,mkleinzweigfq@spiegel.de,Female,79.181.115.146
668,Daffy,Ogilby,dogilbyfr@dot.gov,Female,182.213.171.12
669,Ardisj,Duddan,aduddanfs@va.gov,Agender,118.152.12.167
670,Timothee,Corradi,tcorradift@chicagotribune.com,Male,98.181.74.189
671,Demott,O'Neill,doneillfu@nasa.gov,Male,5.242.39.75
672,Egan,Demann,edemannfv@trellian.com,Male,16.248.132.41
673,Gwen,Zamorano,gzamoranofw@wordpress.org,Female,238.2.164.15
674,Yvon,Vuittet,yvuittetfx@reuters.com,Male,117.232.191.232
675,Odo,Tarver,otarverfy@mozilla.org,Male,127.250.92.29
676,Mia,Vondrach,mvondrachfz@uol.com.br,Female,159.194.207.90
677,Margeaux,Rich,mrichg0@techcrunch.com,Female,26.157.48.85
678,Jose,Larderot,jlarderotg1@nydailynews.com,Male,140.99.247.169
679,Dorita,Pietranek,dpietranekg2@g.co,Female,149.137.55.199
680,Josefa,Yetman,jyetmang3@jimdo.com,Female,42.187.96.142
681,Laurene,Crowth,lcrowthg4@amazon.co.jp,Female,225.83.231.117
682,Lynnett,Gebby,lgebbyg5@shareasale.com,Female,147.138.183.228
683,Ariela,Sealey,asealeyg6@youku.com,Genderfluid,21.133.47.58
684,Ozzy,Eastam,oeastamg7@timesonline.co.uk,Male,198.116.26.92
685,Kassia,Pilipets,kpilipetsg8@engadget.com,Polygender,229.186.218.235
686,Devinne,Leftridge,dleftridgeg9@forbes.com,Female,227.203.193.255
687,Sheryl,Lafay,slafayga@multiply.com,Female,54.186.36.171
688,Moira,Rossoni,mrossonigb@census.gov,Female,196.75.46.165
689,Natty,Haizelden,nhaizeldengc@biglobe.ne.jp,Female,220.31.30.175
690,Edie,Danilowicz,edanilowiczgd@prnewswire.com,Female,49.56.64.168
691,Alexi,Sexti,asextige@timesonline.co.uk,Female,71.196.57.219
692,Ann,De Normanville,adenormanvillegf@tumblr.com,Female,99.225.142.22
693,Dulcie,McGaugey,dmcgaugeygg@fc2.com,Female,84.86.160.178
694,Joly,Eunson,jeunsongh@usa.gov,Female,180.23.103.250
695,Xymenes,Chippindall,xchippindallgi@columbia.edu,Male,52.150.17.131
696,Zondra,Upcott,zupcottgj@tmall.com,Female,39.202.81.164
697,Rutherford,Sleeman,rsleemangk@europa.eu,Male,158.112.147.234
698,Lizabeth,Fransemai,lfransemaigl@japanpost.jp,Female,94.39.82.241
699,Franzen,Swinney,fswinneygm@360.cn,Male,40.68.195.23
700,Lambert,Semered,lsemeredgn@exblog.jp,Male,211.28.222.78
701,Alessandra,Leyshon,aleyshongo@over-blog.com,Genderfluid,103.20.65.80
702,Jordain,Dinsale,jdinsalegp@addtoany.com,Female,251.175.46.139
703,Milt,Gehricke,mgehrickegq@apache.org,Male,62.147.195.41
704,Isadore,Tolliday,itollidaygr@google.ca,Male,40.78.60.82
705,Gran,Cray,gcraygs@is.gd,Genderfluid,177.253.186.180
706,Emilia,Cowlin,ecowlingt@uiuc.edu,Female,229.30.101.74
707,Fallon,Ketch,fketchgu@jimdo.com,Polygender,38.208.112.191
708,Alley,Consterdine,aconsterdinegv@java.com,Non-binary,250.188.58.206
709,Codie,Shatliffe,cshatliffegw@smugmug.com,Male,227.116.144.62
710,Egor,Brunn,ebrunngx@tmall.com,Male,30.114.241.94
711,Kenna,Shuttle,kshuttlegy@surveymonkey.com,Non-binary,125.205.71.49
712,Christine,Tallman,ctallmangz@plala.or.jp,Genderqueer,156.232.114.190
713,Aube,Hurleston,ahurlestonh0@wp.com,Male,160.234.84.199
714,Alan,Pietruszka,apietruszkah1@springer.com,Male,153.147.60.218
715,Theresa,Gandrich,tgandrichh2@umich.edu,Female,161.160.138.236
716,Peter,Benitez,pbenitezh3@unblog.fr,Male,181.30.52.90
717,Ali,Bellison,abellisonh4@walmart.com,Female,16.9.248.91
718,Conrad,Berthel,cberthelh5@cpanel.net,Male,77.222.22.77
719,Hilary,Swanbourne,hswanbourneh6@booking.com,Genderqueer,150.236.232.179
720,Arda,Gurnee,agurneeh7@storify.com,Female,83.105.104.79
721,Jodi,Zelland,jzellandh8@pcworld.com,Male,243.54.42.215
722,Carney,Vasenin,cvaseninh9@dagondesign.com,Male,73.31.54.0
723,Roby,Clery,rcleryha@sakura.ne.jp,Female,24.27.84.51
724,Aguistin,Eldon,aeldonhb@reuters.com,Male,228.112.7.209
725,Gerty,Elen,gelenhc@youku.com,Female,20.38.19.175
726,Aloysius,Dewar,adewarhd@bluehost.com,Bigender,120.202.225.199
727,Derby,Allday,dalldayhe@lycos.com,Male,131.189.98.188
728,Rose,Arkcoll,rarkcollhf@ucla.edu,Female,143.90.26.251
729,Simonette,Blanning,sblanninghg@reference.com,Female,114.153.76.69
730,Connor,Shivlin,cshivlinhh@nytimes.com,Male,38.58.1.207
731,Fernandina,Bradburn,fbradburnhi@ucoz.com,Female,192.230.12.193
732,Lydia,Gethen,lgethenhj@pen.io,Female,138.27.65.245
733,Morgen,Mulder,mmulderhk@so-net.ne.jp,Male,213.226.167.40
734,Brock,Pietron,bpietronhl@baidu.com,Male,202.210.74.7
735,Silvana,Braddock,sbraddockhm@psu.edu,Female,133.227.185.255
736,Stefanie,De Hooge,sdehoogehn@independent.co.uk,Female,151.17.64.238
737,Sanford,Haspineall,shaspineallho@state.tx.us,Male,138.99.91.179
738,Price,Trevaskis,ptrevaskishp@cbc.ca,Male,46.67.229.81
739,Iver,Buffham,ibuffhamhq@opera.com,Male,149.127.74.232
740,Deeyn,Turtle,dturtlehr@flavors.me,Female,93.165.244.132
741,Antoinette,Jakubiak,ajakubiakhs@virginia.edu,Female,93.153.240.48
742,Abby,Petyanin,apetyaninht@nature.com,Male,3.37.80.123
743,James,Tyas,jtyashu@macromedia.com,Male,91.9.231.130
744,Opal,Wateridge,owateridgehv@hubpages.com,Female,12.94.32.125
745,Paige,Byway,pbywayhw@sitemeter.com,Male,162.97.26.251
746,Min,Arnaez,marnaezhx@yellowpages.com,Female,11.171.205.215
747,Parnell,Forrington,pforringtonhy@ocn.ne.jp,Male,194.187.198.240
748,Britteny,Downton,bdowntonhz@forbes.com,Female,137.76.186.117
749,Nappie,Vallery,nvalleryi0@123-reg.co.uk,Male,242.9.66.146
750,Raddy,Smale,rsmalei1@bandcamp.com,Male,200.56.1.235
751,Cristine,McAster,cmcasteri2@statcounter.com,Female,62.61.176.36
752,Thedrick,Oakenford,toakenfordi3@oracle.com,Male,164.215.244.190
753,Georgianna,Janata,gjanatai4@earthlink.net,Female,248.191.171.244
754,Kial,Armfirld,karmfirldi5@fema.gov,Female,12.238.202.221
755,Graeme,Shoute,gshoutei6@merriam-webster.com,Male,133.255.131.40
756,Shaina,Mulroy,smulroyi7@opensource.org,Female,102.225.85.239
757,Ariadne,Hollibone,ahollibonei8@fastcompany.com,Female,108.222.62.242
758,Rollins,Jouhandeau,rjouhandeaui9@nytimes.com,Male,22.201.87.68
759,Jan,MacKaig,jmackaigia@i2i.jp,Male,209.33.66.86
760,Raleigh,Banfill,rbanfillib@bravesites.com,Male,141.95.201.51
761,Orlando,Perell,operellic@geocities.jp,Male,135.168.66.50
762,Niles,Chedgey,nchedgeyid@godaddy.com,Male,49.245.235.107
763,Jeffry,Sigg,jsiggie@angelfire.com,Male,65.235.83.5
764,Nataniel,Bettis,nbettisif@pagesperso-orange.fr,Male,101.63.234.245
765,Purcell,Iohananof,piohananofig@soundcloud.com,Male,184.208.203.19
766,Michaela,Cudihy,mcudihyih@dmoz.org,Female,250.125.166.11
767,Anson,Gazzard,agazzardii@tamu.edu,Male,9.152.6.53
768,Daile,Monahan,dmonahanij@ucoz.com,Female,33.43.216.182
769,Joshua,Rushman,jrushmanik@so-net.ne.jp,Genderfluid,56.231.25.110
770,Charlton,Lindgren,clindgrenil@google.co.uk,Polygender,123.253.106.74
771,Dale,Mills,dmillsim@soundcloud.com,Female,205.72.250.53
772,Felicdad,Loffel,floffelin@wikimedia.org,Female,14.215.171.138
773,Ludvig,Graddon,lgraddonio@hatena.ne.jp,Male,191.254.171.66
774,Corie,Raoux,craouxip@usgs.gov,Female,66.106.18.12
775,Moishe,Sturridge,msturridgeiq@npr.org,Male,164.100.31.109
776,Ambrosi,Fownes,afownesir@dropbox.com,Male,133.76.206.57
777,Marla,Philippeaux,mphilippeauxis@youtube.com,Female,87.97.196.34
778,Anabelle,Luno,alunoit@pinterest.com,Female,168.178.207.124
779,Elenore,Haig,ehaigiu@163.com,Agender,173.246.68.54
780,Ursala,Maris,umarisiv@ucoz.ru,Agender,193.80.104.221
781,Blane,Ingall,bingalliw@java.com,Genderqueer,4.115.202.218
782,Jocelyne,McKie,jmckieix@newsvine.com,Female,188.220.145.224
783,Laural,Carsberg,lcarsbergiy@cocolog-nifty.com,Agender,26.19.75.117
784,Nollie,Shepcutt,nshepcuttiz@yale.edu,Female,59.88.33.172
785,Toby,Autrie,tautriej0@ycombinator.com,Polygender,154.56.83.238
786,Nolana,Giffard,ngiffardj1@cargocollective.com,Female,236.105.44.45
787,Xymenes,Readshall,xreadshallj2@privacy.gov.au,Male,153.142.130.204
788,Angelique,Rudgard,arudgardj3@dailymotion.com,Female,89.111.151.115
789,Judye,Mathely,jmathelyj4@miibeian.gov.cn,Female,114.30.113.1
790,Carleton,Feitosa,cfeitosaj5@alexa.com,Male,219.255.200.21
791,Bart,Patriche,bpatrichej6@sciencedirect.com,Genderfluid,147.112.87.14
792,Brooks,Powley,bpowleyj7@walmart.com,Female,64.249.216.171
793,Peadar,Tilling,ptillingj8@whitehouse.gov,Male,123.154.116.236
794,Rodger,Jardin,rjardinj9@1und1.de,Male,3.133.120.42
795,Laney,Benard,lbenardja@pagesperso-orange.fr,Female,95.146.17.199
796,Callie,Scone,csconejb@dmoz.org,Female,73.56.87.161
797,Sonnnie,Motto,smottojc@intel.com,Female,3.84.163.0
798,Thayne,Metcalf,tmetcalfjd@tripadvisor.com,Male,122.169.106.173
799,Fraze,Bratt,fbrattje@goodreads.com,Male,57.33.196.219
800,Gary,De Bruijne,gdebruijnejf@globo.com,Male,224.2.32.20
801,Orland,Leathe,oleathejg@paginegialle.it,Male,185.30.84.5
802,Tabbitha,Ply,tplyjh@ow.ly,Female,204.70.179.132
803,Emmott,Kunneke,ekunnekeji@discovery.com,Male,196.47.81.109
804,Patrizius,O'Hoey,pohoeyjj@feedburner.com,Agender,218.210.97.32
805,Sigrid,Garmans,sgarmansjk@google.com.hk,Female,50.217.93.181
806,Collette,Fischer,cfischerjl@storify.com,Female,174.61.133.153
807,Tracey,Tomankowski,ttomankowskijm@blogger.com,Male,88.124.203.71
808,Roxanna,Snazle,rsnazlejn@icq.com,Female,207.48.105.125
809,Chad,Kliemchen,ckliemchenjo@histats.com,Bigender,159.37.108.220
810,Cheri,Jumont,cjumontjp@infoseek.co.jp,Female,32.164.124.164
811,Hayes,MacCollom,hmaccollomjq@google.it,Male,150.213.255.19
812,Helenelizabeth,Seman,hsemanjr@google.ru,Female,158.163.164.75
813,Christina,Championnet,cchampionnetjs@tripod.com,Female,221.60.78.242
814,Stephanus,Chimenti,schimentijt@pcworld.com,Male,255.148.243.139
815,Aeriela,Plumbridge,aplumbridgeju@1und1.de,Female,178.161.115.186
816,Abigael,Bedbrough,abedbroughjv@weather.com,Female,19.221.27.77
817,Abbott,Budding,abuddingjw@sourceforge.net,Male,187.209.25.150
818,Jillane,Mucklestone,jmucklestonejx@engadget.com,Female,126.245.66.253
819,Gwenneth,Letchford,gletchfordjy@gmpg.org,Female,144.194.59.251
820,Mufinella,Ferruzzi,mferruzzijz@amazon.co.jp,Female,171.16.86.148
821,Berkeley,Worters,bwortersk0@youtube.com,Agender,49.211.47.98
822,Bertie,Boerderman,bboerdermank1@ow.ly,Female,42.107.156.48
823,Peter,Bulfoy,pbulfoyk2@bloglovin.com,Male,198.175.238.141
824,Deedee,Farrance,dfarrancek3@blogtalkradio.com,Female,233.169.205.197
825,Jackie,Plaskett,jplaskettk4@blog.com,Female,27.175.123.78
826,Bern,Fontin,bfontink5@elpais.com,Male,7.110.60.87
827,Constantina,Rye,cryek6@qq.com,Female,250.155.172.247
828,Felice,Leport,fleportk7@biblegateway.com,Male,105.60.213.151
829,Bryce,Piggford,bpiggfordk8@ebay.co.uk,Male,164.26.17.242
830,Clair,Haugen,chaugenk9@admin.ch,Male,104.170.124.59
831,Aeriel,Tower,atowerka@miitbeian.gov.cn,Bigender,160.55.67.133
832,Brietta,Tunnow,btunnowkb@whitehouse.gov,Female,248.206.179.84
833,Valeria,Hymers,vhymerskc@howstuffworks.com,Polygender,218.238.116.68
834,Pietro,Tolliday,ptollidaykd@ox.ac.uk,Male,37.252.56.15
835,Sigfrid,Bruneton,sbrunetonke@scientificamerican.com,Male,87.20.14.24
836,Moselle,Donlon,mdonlonkf@clickbank.net,Female,223.21.9.1
837,Kenton,O'Dee,kodeekg@zimbio.com,Male,69.52.78.23
838,Clim,Penk,cpenkkh@rakuten.co.jp,Male,26.239.69.206
839,Gideon,Tembey,gtembeyki@weibo.com,Agender,102.99.205.104
840,Malva,Ausiello,mausiellokj@time.com,Female,8.241.51.128
841,Renae,Ternouth,rternouthkk@comcast.net,Female,187.10.123.44
842,Gisela,Crossgrove,gcrossgrovekl@earthlink.net,Genderfluid,254.8.240.151
843,Lilia,Broderick,lbroderickkm@va.gov,Female,215.217.3.188
844,Sholom,Simonin,ssimoninkn@newyorker.com,Male,43.103.147.139
845,Bellanca,Treasaden,btreasadenko@xinhuanet.com,Female,141.130.182.136
846,Stacy,Darrell,sdarrellkp@gravatar.com,Male,221.213.238.14
847,Debora,Dillingston,ddillingstonkq@ehow.com,Female,99.250.89.51
848,Hiram,Hirche,hhirchekr@example.com,Male,115.205.122.11
849,Annamarie,Arrol,aarrolks@si.edu,Female,75.119.128.248
850,Hamid,Follen,hfollenkt@51.la,Male,55.73.254.233
851,Geraldine,Whyler,gwhylerku@dropbox.com,Female,178.148.44.67
852,Eliza,Jolly,ejollykv@vimeo.com,Female,43.191.120.41
853,Moll,Elsby,melsbykw@mozilla.com,Female,128.125.208.183
854,Andres,Itzkin,aitzkinkx@vimeo.com,Male,40.238.35.93
855,Brande,Offen,boffenky@tripadvisor.com,Female,62.151.28.153
856,Barrie,Mandres,bmandreskz@marriott.com,Male,26.226.108.19
857,Drusy,Gittens,dgittensl0@weibo.com,Female,245.24.96.186
858,Tabor,Shalloo,tshallool1@joomla.org,Male,74.224.198.46
859,Dehlia,Pylkynyton,dpylkynytonl2@aboutads.info,Female,40.193.11.115
860,Brion,Hallex,bhallexl3@time.com,Genderfluid,217.90.76.94
861,Winny,Liversidge,wliversidgel4@usa.gov,Bigender,117.54.127.206
862,Ulla,Chaudron,uchaudronl5@geocities.jp,Female,189.141.151.71
863,Florian,Dripp,fdrippl6@accuweather.com,Male,173.159.56.159
864,Ysabel,Holde,yholdel7@weebly.com,Female,60.238.203.237
865,Rhianna,Sazio,rsaziol8@msn.com,Female,233.197.173.183
866,Pincas,Eisenberg,peisenbergl9@creativecommons.org,Male,25.250.128.59
867,Adelaide,Jorck,ajorckla@sourceforge.net,Female,136.210.137.173
868,Bette-ann,De Simone,bdesimonelb@goodreads.com,Female,135.168.237.163
869,Elga,Hardcastle,ehardcastlelc@qq.com,Female,251.61.124.83
870,Verina,Threadgall,vthreadgallld@dmoz.org,Female,97.225.237.246
871,Sonnie,Olivie,soliviele@virginia.edu,Female,89.16.122.109
872,Kaia,Kelmere,kkelmerelf@hc360.com,Female,223.162.128.107
873,Guthrey,Sawden,gsawdenlg@bbb.org,Male,210.177.83.31
874,Tod,Slisby,tslisbylh@dropbox.com,Male,236.45.13.219
875,Ronnie,Giorio,rgiorioli@reuters.com,Female,182.200.3.150
876,Retha,Vance,rvancelj@buzzfeed.com,Female,121.106.150.181
877,Sholom,Godson,sgodsonlk@infoseek.co.jp,Male,151.212.151.217
878,Christie,Nornasell,cnornasellll@shinystat.com,Female,143.203.230.53
879,West,Cozins,wcozinslm@devhub.com,Male,40.9.101.215
880,Bibi,Ronci,bronciln@noaa.gov,Female,199.197.176.112
881,Carson,Touret,ctouretlo@themeforest.net,Male,55.156.184.155
882,Sybilla,Cape,scapelp@mapy.cz,Female,140.200.246.152
883,Fraser,Kenford,fkenfordlq@unc.edu,Male,233.250.111.86
884,Garrard,Sibbson,gsibbsonlr@mozilla.org,Male,116.135.244.146
885,Glyn,Wadsworth,gwadsworthls@freewebs.com,Female,232.115.110.34
886,Olvan,Ather,oatherlt@bbb.org,Male,53.83.172.110
887,Aimee,Pawlett,apawlettlu@sphinn.com,Bigender,70.135.6.212
888,Laureen,Piercey,lpierceylv@wp.com,Female,91.22.232.183
889,Arlene,Mathelon,amathelonlw@ca.gov,Female,217.38.195.141
890,Audry,Banger,abangerlx@delicious.com,Female,47.122.168.94
891,Isa,Cargenven,icargenvenly@unesco.org,Male,132.30.235.28
892,Wayne,Tyce,wtycelz@tamu.edu,Male,45.24.95.169
893,Agustin,Collimore,acollimorem0@webmd.com,Male,246.118.37.247
894,Grange,Mattys,gmattysm1@elegantthemes.com,Genderfluid,171.30.61.26
895,Fabe,Noe,fnoem2@sphinn.com,Male,89.92.49.225
896,Birgit,Rosini,brosinim3@unesco.org,Female,60.175.13.95
897,Mannie,Cheasman,mcheasmanm4@facebook.com,Male,139.228.201.199
898,Jean,Mundy,jmundym5@nbcnews.com,Female,110.41.173.129
899,Tandy,Jennick,tjennickm6@twitpic.com,Female,58.62.244.72
900,Jareb,Hepher,jhepherm7@t.co,Male,118.225.132.149
901,Arley,Letten,alettenm8@arstechnica.com,Male,209.129.95.124
902,Ignatius,McIleen,imcileenm9@hao123.com,Male,153.40.226.210
903,Jackquelin,Render,jrenderma@abc.net.au,Female,74.125.34.29
904,Maria,Luckey,mluckeymb@sakura.ne.jp,Female,249.36.163.78
905,Livvie,Treske,ltreskemc@indiegogo.com,Genderqueer,176.183.247.193
906,Read,Booth-Jarvis,rboothjarvismd@linkedin.com,Male,60.232.195.156
907,Paulo,Blinckhorne,pblinckhorneme@naver.com,Male,87.149.148.35
908,North,Laytham,nlaythammf@google.com,Male,20.254.14.207
909,Mace,Farrington,mfarringtonmg@woothemes.com,Male,115.80.124.240
910,Ewan,Crooks,ecrooksmh@sphinn.com,Male,150.79.62.205
911,Rosalyn,Gallagher,rgallaghermi@constantcontact.com,Female,35.209.77.154
912,Rockie,Dakin,rdakinmj@tinypic.com,Male,238.12.57.134
913,Rhea,Scawn,rscawnmk@aol.com,Female,144.88.240.117
914,Lennard,Bengall,lbengallml@twitter.com,Male,101.19.149.132
915,Ashli,Cissen,acissenmm@shareasale.com,Female,196.18.123.28
916,Glendon,Berryman,gberrymanmn@amazonaws.com,Male,239.208.227.42
917,Teressa,McQuilty,tmcquiltymo@go.com,Female,92.162.211.183
918,Beniamino,Simeons,bsimeonsmp@umich.edu,Male,73.241.13.114
919,Bendite,Chavez,bchavezmq@cam.ac.uk,Female,134.134.11.124
920,Giulia,Thomtson,gthomtsonmr@yelp.com,Female,12.89.217.37
921,Britney,Newrick,bnewrickms@answers.com,Female,115.53.70.251
922,Yulma,Sedgmond,ysedgmondmt@mediafire.com,Agender,219.137.205.54
923,Ally,Brickham,abrickhammu@indiegogo.com,Female,83.30.4.85
924,Bone,Cant,bcantmv@skype.com,Male,217.30.123.155
925,Gerrie,Tocknell,gtocknellmw@fema.gov,Female,138.238.32.181
926,Darrin,Dooher,ddoohermx@seesaa.net,Male,141.155.98.167
927,Ofella,Pinder,opindermy@sfgate.com,Female,13.104.63.156
928,Janis,Jerrard,jjerrardmz@pagesperso-orange.fr,Female,186.16.115.50
929,Maddalena,Colliss,mcollissn0@msu.edu,Female,123.158.249.59
930,Maxie,Bramall,mbramalln1@lycos.com,Non-binary,253.247.136.82
931,Myriam,Ellicock,mellicockn2@51.la,Female,129.36.140.162
932,Griff,Jedrysik,gjedrysikn3@alibaba.com,Genderqueer,53.25.236.89
933,Tommie,Sanderson,tsandersonn4@bbb.org,Female,31.73.79.236
934,Genni,Mort,gmortn5@slate.com,Female,252.177.179.150
935,Wanda,Slatford,wslatfordn6@europa.eu,Female,90.107.232.47
936,Sly,Shewon,sshewonn7@dedecms.com,Male,22.81.190.228
937,Anita,Cookney,acookneyn8@rambler.ru,Female,120.94.231.117
938,Rozalin,Leghorn,rleghornn9@amazon.co.uk,Genderqueer,198.51.244.231
939,Mikaela,Gokes,mgokesna@ycombinator.com,Female,203.252.255.2
940,Wright,Maurice,wmauricenb@friendfeed.com,Male,196.93.109.0
941,Martino,Diaper,mdiapernc@salon.com,Male,36.230.215.95
942,Gawain,Stemson,gstemsonnd@privacy.gov.au,Male,244.212.57.124
943,Klemens,Glencros,kglencrosne@thetimes.co.uk,Agender,70.54.230.210
944,Weidar,Kermit,wkermitnf@netvibes.com,Male,124.58.65.85
945,Jereme,Calafate,jcalafateng@netvibes.com,Male,108.182.92.111
946,Aindrea,Semrad,asemradnh@admin.ch,Female,150.68.197.89
947,Tina,Etchingham,tetchinghamni@linkedin.com,Female,237.64.63.75
948,Timotheus,Pischel,tpischelnj@taobao.com,Male,67.227.163.38
949,Clifford,Roderighi,croderighink@phpbb.com,Male,152.148.137.138
950,Rozamond,Ivanchenkov,rivanchenkovnl@sourceforge.net,Female,84.194.77.143
951,Berenice,Doman,bdomannm@de.vu,Female,14.209.136.57
952,Berti,Thornton,bthorntonnn@godaddy.com,Female,164.49.56.209
953,Romain,Pengilley,rpengilleyno@zdnet.com,Male,70.93.149.116
954,Terrie,Bethell,tbethellnp@google.pl,Female,30.64.202.75
955,Gilburt,Picknett,gpicknettnq@opera.com,Male,95.234.23.19
956,Abbie,Scanlon,ascanlonnr@over-blog.com,Polygender,26.168.58.206
957,Bink,Cymper,bcymperns@blogger.com,Male,198.238.15.150
958,Patty,McNamee,pmcnameent@hibu.com,Male,240.87.194.29
959,Georgina,Allman,gallmannu@webmd.com,Female,50.11.208.217
960,Lemmy,McCue,lmccuenv@tamu.edu,Genderfluid,103.201.255.34
961,Gino,Grocott,ggrocottnw@ifeng.com,Male,240.47.83.251
962,Miran,Kristof,mkristofnx@rambler.ru,Female,198.210.69.61
963,Brendan,Sabben,bsabbenny@lycos.com,Male,117.241.7.214
964,Angel,Domingues,adominguesnz@addtoany.com,Agender,133.65.83.62
965,Cesare,Conradie,cconradieo0@howstuffworks.com,Male,161.22.54.186
966,Geraldine,Heining,gheiningo1@squarespace.com,Female,66.170.172.115
967,Ingemar,Calven,icalveno2@spotify.com,Male,228.232.253.30
968,Edouard,Van Haeften,evanhaefteno3@ameblo.jp,Genderfluid,60.61.166.52
969,Carlen,Tadlow,ctadlowo4@gizmodo.com,Female,26.152.27.149
970,Eveleen,Rountree,erountreeo5@booking.com,Female,108.107.150.246
971,Junette,De Hooch,jdehoocho6@sphinn.com,Polygender,182.2.143.167
972,Ricki,Robrose,rrobroseo7@ocn.ne.jp,Male,245.202.231.162
973,Vaclav,Thickens,vthickenso8@gravatar.com,Male,188.243.168.141
974,Mufi,Egleton,megletono9@privacy.gov.au,Female,159.159.195.147
975,Sanderson,Muge,smugeoa@sogou.com,Male,212.169.64.113
976,Norrie,Oldershaw,noldershawob@paginegialle.it,Female,137.6.31.155
977,Worthington,Wardrope,wwardropeoc@imgur.com,Male,169.100.246.31
978,Ebonee,Loche,elocheod@rakuten.co.jp,Female,16.21.175.221
979,Bogey,Tailby,btailbyoe@zimbio.com,Polygender,170.87.117.66
980,Janna,Dell 'Orto,jdellortoof@gnu.org,Female,117.108.189.72
981,Pryce,Bladen,pbladenog@constantcontact.com,Male,163.70.3.200
982,Weider,Gentle,wgentleoh@reuters.com,Male,108.243.0.14
983,Stanly,Marsden,smarsdenoi@shutterfly.com,Male,193.188.117.114
984,Nevile,Mattia,nmattiaoj@dyndns.org,Male,248.96.250.76
985,Cassi,Labbey,clabbeyok@miibeian.gov.cn,Female,222.233.162.232
986,Ruben,Buckenhill,rbuckenhillol@studiopress.com,Male,102.84.188.140
987,Raffaello,Penney,rpenneyom@ucla.edu,Male,10.149.248.42
988,Antonetta,Matthai,amatthaion@google.pl,Female,149.106.142.194
989,Louis,Linbohm,llinbohmoo@google.ca,Male,5.19.74.125
990,Sebastien,Beininck,sbeininckop@a8.net,Male,109.112.11.42
991,Mickie,Myderscough,mmyderscoughoq@weibo.com,Female,101.255.141.122
992,Alfreda,Laurisch,alaurischor@163.com,Female,217.228.38.1
993,Britteny,Lillford,blillfordos@stumbleupon.com,Female,192.18.75.117
994,Beverly,Lernihan,blernihanot@sciencedirect.com,Female,126.29.69.217
995,Brigit,Culmer,bculmerou@pcworld.com,Female,0.198.208.146
996,Nissy,Gatty,ngattyov@bloomberg.com,Female,255.237.124.43
997,Rois,Parmley,rparmleyow@ycombinator.com,Female,40.125.243.241
998,Katherine,Cheales,kchealesox@dedecms.com,Female,24.67.73.200
999,Corri,Billsberry,cbillsberryoy@chicagotribune.com,Female,201.74.209.252
1000,Lydie,Tysall,ltysalloz@spotify.com,Female,169.123.147.47
1001,Caterina,Bernardeau,cbernardeaup0@prweb.com,Female,54.217.129.186
1002,Harv,Hupe,hhupep1@yandex.ru,Male,143.106.145.201
1003,Vanya,Insall,vinsallp2@ebay.co.uk,Male,166.87.76.174
1004,Rebecka,Week,rweekp3@nyu.edu,Female,75.26.122.197
1005,Oby,Titheridge,otitheridgep4@economist.com,Male,148.247.96.224
1006,Parsifal,Groveham,pgrovehamp5@time.com,Male,58.112.94.227
1007,Lodovico,Erangy,lerangyp6@dot.gov,Male,176.55.233.111
1008,Correy,Athelstan,cathelstanp7@last.fm,Male,49.30.77.212
1009,Claudine,Ochterlony,cochterlonyp8@printfriendly.com,Female,218.140.229.26
1010,Sumner,Swalough,sswaloughp9@ustream.tv,Male,128.34.217.178
1011,Juditha,Ellesworth,jellesworthpa@simplemachines.org,Female,77.115.116.145
1012,Jacqueline,Gadeaux,jgadeauxpb@exblog.jp,Female,53.126.190.173
1013,Corinne,Howes,chowespc@ebay.co.uk,Female,173.41.213.13
1014,Frasco,Stukings,fstukingspd@bravesites.com,Male,33.241.241.197
1015,Pattin,Whyteman,pwhytemanpe@comcast.net,Male,87.216.131.200
1016,Suzi,Yokley,syokleypf@stumbleupon.com,Female,63.96.127.71
1017,Gypsy,Marthen,gmarthenpg@usatoday.com,Female,136.199.155.20
1018,Cris,Bingham,cbinghamph@unicef.org,Female,27.26.9.255
1019,Gill,Kirmond,gkirmondpi@constantcontact.com,Female,218.25.250.246
1020,Erny,Favill,efavillpj@github.io,Male,181.107.182.160
1021,Koressa,Malec,kmalecpk@columbia.edu,Female,96.177.243.220
1022,Ryun,Rabb,rrabbpl@vistaprint.com,Male,29.61.48.198
1023,Leontyne,Nassy,lnassypm@about.com,Female,45.198.99.2
1024,Giralda,Prandin,gprandinpn@vistaprint.com,Female,168.180.39.197
1025,Wallache,DelaField,wdelafieldpo@virginia.edu,Male,97.177.80.104
1026,Christoper,Le Estut,cleestutpp@wsj.com,Male,172.252.69.118
1027,Bidget,McLarnon,bmclarnonpq@51.la,Female,91.51.201.67
1028,Constantina,Bemlott,cbemlottpr@wikispaces.com,Female,7.247.194.96
1029,Annadiana,Grinstead,agrinsteadps@plala.or.jp,Female,221.219.77.66
1030,Olivette,Phinnis,ophinnispt@cpanel.net,Female,161.225.127.129
1031,Malcolm,Verdy,mverdypu@jalbum.net,Agender,184.228.79.192
1032,Rufe,Sperring,rsperringpv@mozilla.org,Male,167.194.71.176
1033,Merry,Toon,mtoonpw@storify.com,Female,205.92.14.70
1034,Thelma,Lauridsen,tlauridsenpx@elpais.com,Female,18.154.2.132
1035,Coletta,Naris,cnarispy@state.tx.us,Female,244.181.192.165
1036,Sauveur,Georg,sgeorgpz@omniture.com,Male,137.142.194.236
1037,Archibaldo,Hext,ahextq0@umich.edu,Male,25.34.178.79
1038,Arnuad,Jorger,ajorgerq1@hp.com,Male,123.49.67.97
1039,Dar,Sommerton,dsommertonq2@vk.com,Male,195.181.164.213
1040,Fae,Yarranton,fyarrantonq3@yandex.ru,Female,186.220.137.240
1041,Evvy,Juanico,ejuanicoq4@aol.com,Female,139.29.154.201
1042,Larry,Regis,lregisq5@google.pl,Male,232.148.17.32
1043,Nicko,Sidworth,nsidworthq6@infoseek.co.jp,Bigender,162.118.204.33
1044,Agnes,Wayper,awayperq7@github.io,Female,168.236.98.127
1045,Natty,Duffell,nduffellq8@google.fr,Male,17.16.227.231
1046,Dotty,Cortes,dcortesq9@tripod.com,Female,126.36.229.146
1047,Niccolo,Norquay,nnorquayqa@reuters.com,Male,8.147.235.7
1048,Axe,Biers,abiersqb@etsy.com,Male,244.20.221.7
1049,Belle,Ilyuchyov,bilyuchyovqc@t-online.de,Non-binary,112.85.111.32
1050,Tiena,Hannan,thannanqd@forbes.com,Female,31.18.136.100
1051,Mindy,Tregonna,mtregonnaqe@craigslist.org,Female,43.139.201.194
1052,Cary,Thurstan,cthurstanqf@mysql.com,Female,133.60.46.198
1053,Mikael,Cowlin,mcowlinqg@last.fm,Polygender,23.73.184.16
1054,Sallee,Sedgemond,ssedgemondqh@salon.com,Female,42.16.69.102
1055,Matty,Baird,mbairdqi@buzzfeed.com,Male,248.74.115.59
1056,Coral,Berrecloth,cberreclothqj@newyorker.com,Genderqueer,251.161.63.162
1057,Scotty,McBrier,smcbrierqk@ucoz.ru,Male,143.167.194.24
1058,Kare,Farquarson,kfarquarsonql@mit.edu,Female,254.90.244.7
1059,Abra,Enderle,aenderleqm@irs.gov,Female,82.160.18.8
1060,Dorrie,Oneal,donealqn@jalbum.net,Female,116.79.58.206
1061,Kingston,Corking,kcorkingqo@tiny.cc,Male,186.226.198.102
1062,Faunie,Domone,fdomoneqp@gov.uk,Female,195.17.124.195
1063,Wilone,Heathcoat,wheathcoatqq@bbc.co.uk,Genderqueer,178.144.141.145
1064,Yankee,Muirhead,ymuirheadqr@reference.com,Male,86.192.232.196
1065,Mag,Totterdill,mtotterdillqs@homestead.com,Female,38.145.174.118
1066,Vincenz,Spight,vspightqt@dyndns.org,Male,117.21.55.219
1067,Belinda,Quarles,bquarlesqu@dmoz.org,Female,165.120.193.192
1068,Chiarra,Rolfi,crolfiqv@slashdot.org,Female,88.46.211.197
1069,Alvera,Gammons,agammonsqw@furl.net,Female,222.141.226.164
1070,Ludovico,Ygo,lygoqx@google.com.au,Male,89.128.196.50
1071,Daphene,Roskelley,droskelleyqy@jigsy.com,Female,39.112.10.10
1072,Flory,Brawley,fbrawleyqz@fda.gov,Female,184.22.63.225
1073,Ellene,Carlucci,ecarluccir0@google.it,Female,205.62.39.172
1074,Hadria,McKune,hmckuner1@marriott.com,Female,164.233.123.110
1075,Michel,Pavluk,mpavlukr2@artisteer.com,Male,85.230.86.72
1076,Riordan,Copnell,rcopnellr3@fema.gov,Male,160.200.132.90
1077,Rhodia,Hollow,rhollowr4@odnoklassniki.ru,Female,114.22.195.106
1078,Marjie,Billam,mbillamr5@netlog.com,Female,54.171.108.40
1079,Ewart,Humes,ehumesr6@whitehouse.gov,Male,147.83.17.77
1080,Hunfredo,Yarnell,hyarnellr7@intel.com,Non-binary,96.35.244.235
1081,Forest,Kordovani,fkordovanir8@bizjournals.com,Male,118.50.149.123
1082,Sander,Hryncewicz,shryncewiczr9@bluehost.com,Male,142.95.138.5
1083,Shea,Bog,sbogra@wisc.edu,Male,112.143.181.129
1084,Lara,O'Hingerty,lohingertyrb@upenn.edu,Female,80.13.19.163
1085,Aundrea,Hourstan,ahourstanrc@istockphoto.com,Female,101.97.109.15
1086,Wilfrid,Giblett,wgiblettrd@google.co.uk,Male,254.205.66.201
1087,Chet,Chattelaine,cchattelainere@taobao.com,Male,132.230.182.1
1088,Alleyn,Petersen,apetersenrf@uiuc.edu,Bigender,87.89.120.169
1089,Atlante,Osmar,aosmarrg@feedburner.com,Female,47.82.168.74
1090,Druci,Dummer,ddummerrh@bbc.co.uk,Female,150.140.25.108
1091,Janette,Greiswood,jgreiswoodri@kickstarter.com,Female,215.248.219.138
1092,Leta,Sacase,lsacaserj@1und1.de,Female,168.3.42.176
1093,Kora,O' Byrne,kobyrnerk@sciencedirect.com,Female,253.186.105.70
1094,Ibbie,Gounard,igounardrl@prweb.com,Female,73.9.58.253
1095,Broddy,Callaghan,bcallaghanrm@g.co,Male,236.180.23.76
1096,Sloane,D'Agostino,sdagostinorn@patch.com,Male,148.75.150.240
1097,Elizabeth,Limpertz,elimpertzro@sogou.com,Female,120.39.177.98
1098,Brien,Mettetal,bmettetalrp@ucoz.com,Male,142.152.214.32
1099,Dredi,Hay,dhayrq@smugmug.com,Female,44.116.9.171
1100,Sayer,Guage,sguagerr@irs.gov,Non-binary,45.122.114.45
