id,first_name,last_name,email,gender,ip_address
1101,Shantee,Fairham,sfairham0@google.fr,Female,118.172.237.76
1102,Purcell,Owbrick,powbrick1@blogger.com,Male,97.206.25.203
1103,Ingelbert,Carluccio,icarluccio2@bloglovin.com,Male,218.215.197.185
1104,Filmer,Keuneke,fkeuneke3@samsung.com,Male,95.4.48.18
1105,Jonathon,Rittelmeyer,jrittelmeyer4@miitbeian.gov.cn,Male,231.83.240.94
1106,Letti,Greenall,lgreenall5@discovery.com,Non-binary,242.105.146.166
1107,Muffin,Byles,mbyles6@feedburner.com,Male,77.46.46.23
1108,Kim,Rosoni,krosoni7@tripadvisor.com,Non-binary,189.82.250.82
1109,Mitzi,Bailles,mbailles8@moonfruit.com,Female,159.218.195.232
1110,Allix,Jorioz,ajorioz9@smugmug.com,Female,69.143.122.46
1111,Savina,Gorring,sgorringa@about.com,Female,120.156.66.63
1112,Tab,Dalgetty,tdalgettyb@istockphoto.com,Male,183.102.12.235
1113,Gisela,Carncross,gcarncrossc@go.com,Female,114.119.240.66
1114,Antonie,Radwell,aradwelld@digg.com,Female,133.130.236.159
1115,Tiff,Weymont,tweymonte@over-blog.com,Female,68.149.214.161
1116,Constantine,Nancarrow,cnancarrowf@artisteer.com,Male,145.79.18.75
1117,Nolly,Giorgeschi,ngiorgeschig@w3.org,Male,130.55.58.125
1118,Emera,Kilvington,ekilvingtonh@umich.edu,Female,89.23.201.236
1119,Daveta,Ebanks,debanksi@wikipedia.org,Genderfluid,54.138.9.151
1120,Haslett,Aizikovitz,haizikovitzj@google.com.au,Male,124.161.176.40
1121,Silvan,Headington,sheadingtonk@canalblog.com,Male,62.57.210.87
1122,Gabriele,Weaving,gweavingl@opera.com,Male,140.142.139.69
1123,Nanny,Buzin,nbuzinm@lulu.com,Female,58.44.188.123
1124,Greggory,Ellif,gellifn@icq.com,Agender,243.64.1.142
1125,Glen,Rawles,grawleso@typepad.com,Male,200.1.242.223
1126,Ada,Houtby,ahoutbyp@buzzfeed.com,Female,203.205.221.152
1127,Salomone,Bohden,sbohdenq@seattletimes.com,Male,199.51.250.132
1128,Terra,Towe,ttower@forbes.com,Polygender,32.129.235.215
1129,Truda,Hovington,thovingtons@taobao.com,Agender,73.100.98.164
1130,Jesse,Rouch,jroucht@youtube.com,Male,233.188.204.193
1131,Gretta,Inott,ginottu@weibo.com,Genderfluid,14.174.215.158
1132,Lambert,Hanny,lhannyv@icio.us,Male,212.116.133.78
1133,Salomi,Berkelay,sberkelayw@privacy.gov.au,Bigender,241.252.200.154
1134,Caterina,Pillington,cpillingtonx@merriam-webster.com,Female,61.97.39.86
1135,Devonna,Jockle,djockley@opensource.org,Female,230.41.70.83
1136,Elga,Weathers,eweathersz@oaic.gov.au,Female,80.58.172.123
1137,Fulton,Futty,ffutty10@cbsnews.com,Male,16.132.50.157
1138,Binni,Filer,bfiler11@g.co,Female,200.14.250.132
1139,Davis,Spata,dspata12@4shared.com,Male,107.232.100.221
1140,Willabella,Labdon,wlabdon13@nydailynews.com,Female,176.0.40.15
1141,Doria,Hovell,dhovell14@addthis.com,Female,182.233.234.236
1142,Lauren,Champken,lchampken15@nyu.edu,Male,68.50.119.81
1143,Vail,Purcer,vpurcer16@paypal.com,Male,189.9.105.82
1144,Dorelle,MacKee,dmackee17@washington.edu,Female,191.158.106.20
1145,Doretta,Stare,dstare18@trellian.com,Female,184.219.175.39
1146,Talya,Aberdalgy,taberdalgy19@twitpic.com,Female,53.11.76.84
1147,Armand,Matessian,amatessian1a@bloomberg.com,Male,246.152.210.140
1148,Raina,Axby,raxby1b@webs.com,Female,71.59.142.152
1149,Bradley,Scapelhorn,bscapelhorn1c@nymag.com,Male,206.152.104.236
1150,Bertine,Mosconi,bmosconi1d@businesswire.com,Female,176.33.152.186
1151,Brinna,Airey,bairey1e@discovery.com,Female,3.254.50.31
1152,Angelina,Bertouloume,abertouloume1f@pinterest.com,Female,109.125.56.61
1153,Duffy,MacNucator,dmacnucator1g@pen.io,Male,254.252.29.65
1154,Caroljean,Roiz,croiz1h@usnews.com,Female,209.87.93.32
1155,Ugo,Seifert,useifert1i@yelp.com,Male,40.98.163.165
1156,Sergio,Allcorn,sallcorn1j@1und1.de,Male,34.51.14.170
1157,Keely,Gillingham,kgillingham1k@google.ca,Female,144.119.7.111
1158,Bernete,Cusworth,bcusworth1l@mapquest.com,Female,28.49.187.230
1159,Darlleen,Roony,droony1m@blogs.com,Female,167.62.247.216
1160,Mahalia,Soigne,msoigne1n@kickstarter.com,Female,81.14.99.194
1161,Shay,Coucha,scoucha1o@jigsy.com,Female,67.247.58.235
1162,Caron,Binton,cbinton1p@mtv.com,Female,234.34.250.246
1163,Laura,Baldcock,lbaldcock1q@paginegialle.it,Female,45.156.163.127
1164,Taite,Leggott,tleggott1r@themeforest.net,Male,10.220.242.102
1165,Claribel,Strippling,cstrippling1s@yelp.com,Female,109.65.146.5
1166,Berny,Greeve,bgreeve1t@npr.org,Male,66.176.177.138
1167,Miriam,Roussell,mroussell1u@cbsnews.com,Female,142.54.128.226
1168,Vasilis,Lohden,vlohden1v@sfgate.com,Polygender,111.238.11.230
1169,Brandy,Hens,bhens1w@kickstarter.com,Female,123.153.109.176
1170,Chandra,Larkcum,clarkcum1x@shop-pro.jp,Female,5.34.71.16
1171,Clo,Rubee,crubee1y@prlog.org,Agender,108.151.135.210
1172,Klarrisa,Boam,kboam1z@de.vu,Female,3.2.120.101
1173,Constance,Cockings,ccockings20@bbb.org,Female,77.153.201.107
1174,Alie,Doeg,adoeg21@facebook.com,Female,157.118.93.103
1175,Baudoin,Blackaby,bblackaby22@answers.com,Male,228.108.131.217
1176,Charlotta,McMichael,cmcmichael23@weibo.com,Female,210.41.3.244
1177,Sheppard,Bryer,sbryer24@geocities.com,Male,56.63.10.172
1178,Alexia,Coulter,acoulter25@hugedomains.com,Non-binary,205.178.112.67
1179,Winni,Ambrogi,wambrogi26@google.com.hk,Female,221.236.33.91
1180,Jody,Labbey,jlabbey27@skyrock.com,Female,111.110.66.237
1181,Chan,Hartopp,chartopp28@youku.com,Male,33.5.137.224
1182,Richie,Bearns,rbearns29@wunderground.com,Male,35.42.20.7
1183,Mirelle,Dorward,mdorward2a@cpanel.net,Female,173.88.251.118
1184,Hyatt,Maasze,hmaasze2b@upenn.edu,Genderqueer,185.195.118.58
1185,Guntar,Hucke,ghucke2c@nyu.edu,Male,213.234.98.12
1186,Warde,Reubel,wreubel2d@booking.com,Bigender,105.178.11.126
1187,Mortimer,Forsard,mforsard2e@is.gd,Male,205.108.94.77
1188,Gertruda,Jillings,gjillings2f@wikia.com,Female,218.55.195.100
1189,Steffane,McAteer,smcateer2g@blogspot.com,Female,232.200.147.42
1190,Kincaid,Bowmaker,kbowmaker2h@globo.com,Male,169.74.115.166
1191,Wash,Hallmark,whallmark2i@google.de,Male,77.159.114.76
1192,Thorin,Draco,tdraco2j@zimbio.com,Agender,39.165.15.32
1193,Hali,Clemits,hclemits2k@flickr.com,Female,215.92.167.246
1194,Rouvin,Karpol,rkarpol2l@com.com,Male,173.174.252.10
1195,Fifi,Olver,folver2m@pinterest.com,Female,153.162.104.218
1196,Britni,Adlington,badlington2n@elegantthemes.com,Polygender,130.110.4.225
1197,Tabbi,Atmore,tatmore2o@reuters.com,Female,214.176.246.170
1198,Bonnie,Blench,bblench2p@mac.com,Female,74.134.77.14
1199,Reynard,Konrad,rkonrad2q@columbia.edu,Male,10.95.121.172
1200,Ruprecht,Van Haeften,rvanhaeften2r@icio.us,Male,55.156.193.101
1201,Jeth,Hearnaman,jhearnaman2s@netvibes.com,Male,246.88.254.237
1202,Leontyne,McKernan,lmckernan2t@pbs.org,Female,38.4.224.224
1203,Justen,Boylund,jboylund2u@psu.edu,Male,17.206.39.156
1204,Illa,Goodoune,igoodoune2v@yahoo.com,Genderfluid,214.97.122.91
1205,Emanuele,Devo,edevo2w@lycos.com,Male,40.85.250.160
1206,Delores,Pearcey,dpearcey2x@weather.com,Female,135.31.29.167
1207,Dee dee,Riche,driche2y@homestead.com,Female,132.233.165.66
1208,Saree,Von Helmholtz,svonhelmholtz2z@friendfeed.com,Female,28.239.158.198
1209,Miguelita,Aish,maish30@macromedia.com,Female,61.255.126.191
1210,Clovis,Trace,ctrace31@cdc.gov,Female,185.0.24.154
1211,Rutherford,Keher,rkeher32@nyu.edu,Male,112.17.77.217
1212,Dianna,Briers,dbriers33@spiegel.de,Female,1.104.85.181
1213,Magdalen,Inderwick,minderwick34@pcworld.com,Female,130.23.167.16
1214,Dick,Armit,darmit35@miitbeian.gov.cn,Male,200.26.193.0
1215,Blane,Lohering,blohering36@yellowpages.com,Male,153.146.162.47
1216,Papagena,Sparling,psparling37@nymag.com,Female,196.67.235.77
1217,Merlina,O' Mullane,momullane38@samsung.com,Female,32.27.201.183
1218,Farlie,Kelle,fkelle39@loc.gov,Male,159.105.87.193
1219,Tina,Witherup,twitherup3a@gmpg.org,Genderfluid,104.161.120.243
1220,Tadio,Garton,tgarton3b@cam.ac.uk,Male,224.119.186.189
1221,Terence,Shortan,tshortan3c@craigslist.org,Male,155.125.130.45
1222,Emilia,Wooder,ewooder3d@harvard.edu,Female,161.120.125.178
1223,Albie,Moyler,amoyler3e@desdev.cn,Male,244.144.113.67
1224,Gonzales,Rapsey,grapsey3f@webnode.com,Male,216.95.119.17
1225,Son,Byers,sbyers3g@marriott.com,Male,245.71.108.71
1226,Berky,Lacase,blacase3h@cam.ac.uk,Male,183.147.32.106
1227,Candra,Tanswell,ctanswell3i@bing.com,Female,119.144.176.2
1228,Jephthah,Von Brook,jvonbrook3j@imgur.com,Agender,214.67.252.196
1229,Casie,Harbert,charbert3k@aboutads.info,Female,46.242.3.26
1230,Towney,Wilsee,twilsee3l@techcrunch.com,Male,40.203.63.46
1231,Bryanty,Struttman,bstruttman3m@dailymotion.com,Male,219.231.118.140
1232,Claudia,Pineaux,cpineaux3n@geocities.jp,Female,48.180.125.196
1233,Georgetta,Haitlie,ghaitlie3o@printfriendly.com,Female,209.228.169.70
1234,Del,Duke,dduke3p@bbc.co.uk,Male,57.112.181.3
1235,Billye,Mellsop,bmellsop3q@theguardian.com,Female,141.12.53.141
1236,Boyce,Bathow,bbathow3r@nba.com,Male,115.199.190.107
1237,Augusto,McDermid,amcdermid3s@wp.com,Male,193.225.138.247
1238,Micky,Presnail,mpresnail3t@dell.com,Female,63.76.152.26
1239,Rocky,Coppard,rcoppard3u@toplist.cz,Male,67.123.251.166
1240,Cheri,Gibbett,cgibbett3v@biblegateway.com,Female,183.44.104.57
1241,Nathan,Moffet,nmoffet3w@loc.gov,Male,62.247.198.168
1242,Michal,Mosen,mmosen3x@mayoclinic.com,Male,47.120.0.104
1243,Dennis,aManger,damanger3y@google.ru,Male,53.166.26.129
1244,Maridel,Calles,mcalles3z@accuweather.com,Female,164.174.184.155
1245,Teressa,Berlin,tberlin40@is.gd,Polygender,100.211.210.61
1246,Jayme,Roseveare,jroseveare41@disqus.com,Non-binary,234.146.218.76
1247,Husain,Dale,hdale42@over-blog.com,Male,25.173.187.159
1248,Tarrance,Rossant,trossant43@un.org,Male,189.129.187.177
1249,Asher,Banane,abanane44@netscape.com,Polygender,223.245.240.13
1250,Rubina,Palffy,rpalffy45@fda.gov,Female,192.115.165.144
1251,Damon,Abrahamson,dabrahamson46@360.cn,Male,101.57.221.210
1252,Davie,Leeson,dleeson47@sbwire.com,Male,184.211.207.200
1253,Jeramey,Fronsek,jfronsek48@51.la,Male,249.48.16.29
1254,Kelley,Souley,ksouley49@google.co.jp,Genderqueer,219.152.82.187
1255,Delaney,Salmon,dsalmon4a@jiathis.com,Male,215.146.151.23
1256,Laird,Hurndall,lhurndall4b@typepad.com,Bigender,42.194.7.3
1257,Meryl,Chalcot,mchalcot4c@princeton.edu,Male,72.166.253.216
1258,Felicio,Bett,fbett4d@reddit.com,Male,230.174.22.64
1259,Silvio,Escoffrey,sescoffrey4e@photobucket.com,Male,14.180.175.15
1260,Candie,McTiernan,cmctiernan4f@disqus.com,Female,121.119.8.54
1261,Roxanna,Beeswing,rbeeswing4g@ocn.ne.jp,Female,116.208.97.160
1262,Teddy,Sollom,tsollom4h@123-reg.co.uk,Male,252.37.199.162
1263,Dominic,Garratt,dgarratt4i@naver.com,Male,176.170.232.10
1264,Tab,Sawyers,tsawyers4j@shinystat.com,Polygender,78.186.13.230
1265,Stan,La Croce,slacroce4k@vimeo.com,Male,65.216.21.197
1266,Petronella,Doumer,pdoumer4l@163.com,Female,187.138.13.16
1267,Dre,Elves,delves4m@pinterest.com,Female,109.91.80.235
1268,Cissiee,Brockelsby,cbrockelsby4n@php.net,Genderqueer,187.9.159.4
1269,Emera,Bunworth,ebunworth4o@barnesandnoble.com,Female,58.120.240.170
1270,Nate,Pittman,npittman4p@edublogs.org,Male,75.42.198.66
1271,Ashlin,Battie,abattie4q@hugedomains.com,Male,205.145.172.78
1272,Selig,Jensen,sjensen4r@nih.gov,Genderqueer,134.233.42.166
1273,Shadow,Langshaw,slangshaw4s@lycos.com,Male,201.138.96.69
1274,Caroljean,Burehill,cburehill4t@earthlink.net,Female,50.242.143.151
1275,Gregorius,Seaman,gseaman4u@squidoo.com,Male,36.104.100.240
1276,Vite,Cullnean,vcullnean4v@hc360.com,Male,207.77.236.51
1277,Trevar,Lamburn,tlamburn4w@tinypic.com,Male,69.63.138.225
1278,Lew,Fowell,lfowell4x@time.com,Bigender,34.207.92.126
1279,Kevon,Spenley,kspenley4y@hostgator.com,Male,185.242.227.197
1280,Morena,Iacovides,miacovides4z@studiopress.com,Female,13.36.156.60
1281,Phil,Brabon,pbrabon50@bloomberg.com,Male,7.221.3.104
1282,Giffie,Hutson,ghutson51@washington.edu,Genderqueer,30.3.245.193
1283,Enos,Vernon,evernon52@amazon.co.jp,Male,235.147.220.74
1284,Loren,Poltone,lpoltone53@merriam-webster.com,Female,222.156.38.47
1285,Reinaldo,Ingall,ringall54@wix.com,Bigender,223.78.109.197
1286,Gianni,Arnaudot,garnaudot55@4shared.com,Male,203.226.51.187
1287,Garry,Swaile,gswaile56@columbia.edu,Male,222.55.69.2
1288,Bruis,Galton,bgalton57@fema.gov,Male,204.150.166.161
1289,Waylon,Clines,wclines58@businesswire.com,Male,54.234.154.156
1290,Marianna,Murkin,mmurkin59@ibm.com,Female,25.224.191.93
1291,Don,Rapi,drapi5a@multiply.com,Male,45.50.188.226
1292,Orelle,Nottram,onottram5b@unicef.org,Female,81.34.2.183
1293,Anatola,Littefair,alittefair5c@yelp.com,Female,19.124.5.97
1294,Candide,Cockshoot,ccockshoot5d@intel.com,Female,37.128.174.132
1295,Robb,Lucius,rlucius5e@unesco.org,Male,217.207.137.18
1296,Worden,Snassell,wsnassell5f@independent.co.uk,Male,98.133.224.131
1297,Zuzana,Hurll,zhurll5g@salon.com,Female,204.143.7.106
1298,Erinn,Tedorenko,etedorenko5h@chicagotribune.com,Female,14.46.163.159
1299,Sibby,Frizell,sfrizell5i@mail.ru,Female,125.181.41.117
1300,Alyce,Millsap,amillsap5j@engadget.com,Female,58.238.167.34
1301,Yoko,Capewell,ycapewell5k@bbc.co.uk,Female,189.195.3.3
1302,Ahmad,Cockshoot,acockshoot5l@businesswire.com,Male,106.123.118.214
1303,Loren,Hadwen,lhadwen5m@so-net.ne.jp,Male,164.105.182.222
1304,Jakie,Van der Veldt,jvanderveldt5n@lulu.com,Male,246.125.50.134
1305,Vale,Heymann,vheymann5o@dedecms.com,Non-binary,102.48.83.111
1306,Eugenia,Ducrow,educrow5p@state.gov,Female,115.178.188.225
1307,Nestor,Brewis,nbrewis5q@networksolutions.com,Male,11.43.152.195
1308,Adelaide,Lorenzetti,alorenzetti5r@engadget.com,Female,162.237.99.201
1309,Ritchie,Seymer,rseymer5s@edublogs.org,Male,159.234.96.125
1310,Fayina,Cowey,fcowey5t@arstechnica.com,Bigender,128.190.60.151
1311,Aloin,Lennard,alennard5u@addtoany.com,Agender,67.197.100.226
1312,Fairleigh,Alekseicik,falekseicik5v@naver.com,Male,199.75.130.231
1313,Ambrosio,Brickstock,abrickstock5w@jimdo.com,Male,189.197.98.69
1314,Dael,Ayllett,dayllett5x@google.it,Male,52.22.7.222
1315,Baldwin,Garretson,bgarretson5y@seattletimes.com,Male,254.228.211.208
1316,Maurise,Proudley,mproudley5z@gizmodo.com,Female,98.102.165.164
1317,Kerwin,Bridgeland,kbridgeland60@whitehouse.gov,Male,52.212.117.188
1318,Basia,Thistleton,bthistleton61@smh.com.au,Female,173.141.148.245
1319,Jamill,McDell,jmcdell62@51.la,Male,141.197.105.144
1320,Walton,Balchen,wbalchen63@businessweek.com,Male,165.51.146.147
1321,Saunder,Burchard,sburchard64@smh.com.au,Polygender,211.217.188.208
1322,Modesta,Clynter,mclynter65@hhs.gov,Female,86.183.67.48
1323,Osgood,Grigorini,ogrigorini66@prweb.com,Male,168.105.97.50
1324,Patton,Tschierse,ptschierse67@jugem.jp,Genderqueer,222.181.125.11
1325,Crissie,Howgill,chowgill68@buzzfeed.com,Female,32.135.251.24
1326,Keefe,Wille,kwille69@qq.com,Male,21.50.25.87
1327,Giorgio,Reedshaw,greedshaw6a@sbwire.com,Male,34.254.184.0
1328,Brandon,Coie,bcoie6b@lulu.com,Male,114.75.176.3
1329,Christoph,Beinisch,cbeinisch6c@elpais.com,Male,3.208.210.188
1330,Judon,Basnall,jbasnall6d@bigcartel.com,Male,205.115.36.254
1331,Madelene,Dennett,mdennett6e@rambler.ru,Female,207.64.151.72
1332,Reed,Bexley,rbexley6f@bloomberg.com,Male,105.252.20.197
1333,Sharline,Fydoe,sfydoe6g@rambler.ru,Female,109.230.120.6
1334,Rebekah,Stansell,rstansell6h@dailymail.co.uk,Female,230.14.39.249
1335,Gardner,Allkins,gallkins6i@indiatimes.com,Male,202.229.237.5
1336,Koenraad,Radden,kradden6j@etsy.com,Male,246.193.79.192
1337,Stanwood,Martusov,smartusov6k@list-manage.com,Polygender,241.13.21.159
1338,Rosaleen,Ferfulle,rferfulle6l@mashable.com,Female,46.111.21.73
1339,Hanan,Bedo,hbedo6m@forbes.com,Male,47.171.181.123
1340,Lynnet,Schirak,lschirak6n@nih.gov,Female,49.217.113.61
1341,Ky,Murfett,kmurfett6o@ftc.gov,Male,235.242.255.130
1342,Batholomew,Shalcros,bshalcros6p@buzzfeed.com,Male,18.72.152.53
1343,Berkie,Tinkler,btinkler6q@paypal.com,Male,5.122.181.45
1344,Jesus,Narbett,jnarbett6r@usnews.com,Male,236.235.36.242
1345,Merrilee,Kuban,mkuban6s@businesswire.com,Female,165.232.161.18
1346,Ravi,Broadist,rbroadist6t@telegraph.co.uk,Male,65.208.159.60
1347,Domenic,Gebbe,dgebbe6u@va.gov,Male,78.9.177.18
1348,Pate,Arstall,parstall6v@aol.com,Agender,141.246.161.252
1349,Kissie,Maddick,kmaddick6w@cbslocal.com,Female,218.46.235.83
1350,Antoni,Audley,aaudley6x@vkontakte.ru,Male,201.140.171.146
1351,Irv,Folds,ifolds6y@wordpress.com,Male,139.222.195.57
1352,Hershel,Ebbutt,hebbutt6z@gravatar.com,Male,28.97.32.62
1353,Chicky,Knowling,cknowling70@mediafire.com,Female,96.147.51.236
1354,Anabal,Williment,awilliment71@twitpic.com,Female,251.218.47.29
1355,Jarib,Jaycocks,jjaycocks72@wsj.com,Male,58.191.1.156
1356,Rustin,Tracy,rtracy73@narod.ru,Male,49.177.124.186
1357,Klarrisa,Geoghegan,kgeoghegan74@comcast.net,Female,79.175.16.6
1358,Gothart,Swyer-Sexey,gswyersexey75@ebay.com,Male,152.192.73.144
1359,Fredia,Onge,fonge76@fc2.com,Female,67.223.63.199
1360,Fran,Cashley,fcashley77@i2i.jp,Male,237.49.132.68
1361,Dal,Kleynen,dkleynen78@hc360.com,Male,117.51.144.86
1362,Francoise,Brenstuhl,fbrenstuhl79@twitpic.com,Female,205.30.69.225
1363,Wolfie,Veazey,wveazey7a@aboutads.info,Male,193.125.122.247
1364,Ulrick,Bryning,ubryning7b@youtu.be,Male,96.15.194.166
1365,Sheryl,Croom,scroom7c@ning.com,Female,65.129.89.131
1366,Prince,Barz,pbarz7d@stumbleupon.com,Male,194.214.195.171
1367,Danny,Reignould,dreignould7e@craigslist.org,Agender,211.90.170.210
1368,Magdalena,Lyford,mlyford7f@alexa.com,Female,213.121.179.197
1369,Wyatt,Eslie,weslie7g@cloudflare.com,Male,173.6.99.11
1370,Vivi,Mowson,vmowson7h@time.com,Female,172.149.30.111
1371,Iona,Dawbery,idawbery7i@ameblo.jp,Female,223.29.43.104
1372,Sissie,Berrill,sberrill7j@nhs.uk,Female,203.241.39.82
1373,Mei,Crumley,mcrumley7k@fema.gov,Female,138.185.40.95
1374,Wilek,Coate,wcoate7l@gizmodo.com,Male,28.77.139.93
1375,Koralle,Bilsborrow,kbilsborrow7m@webmd.com,Female,241.33.188.148
1376,Casandra,Dunsford,cdunsford7n@economist.com,Female,190.173.46.100
1377,Randolf,Bryceson,rbryceson7o@lulu.com,Male,13.89.206.66
1378,Nathalia,McLennan,nmclennan7p@ftc.gov,Female,180.166.118.106
1379,Rich,Marioneau,rmarioneau7q@skyrock.com,Male,163.219.139.152
1380,Jourdan,Grim,jgrim7r@fotki.com,Female,37.157.120.35
1381,Sandie,MacMaster,smacmaster7s@barnesandnoble.com,Female,112.0.153.92
1382,Charlie,Paulsson,cpaulsson7t@blog.com,Male,143.244.31.48
1383,Trudi,Esselin,tesselin7u@ed.gov,Female,15.119.100.97
1384,Gay,Kerin,gkerin7v@lycos.com,Female,19.144.170.99
1385,Barnard,Danihel,bdanihel7w@myspace.com,Male,60.112.86.139
1386,Edgar,Cardnell,ecardnell7x@soup.io,Male,197.253.226.45
1387,Duff,Kernar,dkernar7y@ezinearticles.com,Non-binary,225.63.98.3
1388,Arne,Skocroft,askocroft7z@fc2.com,Male,76.94.205.61
1389,Elka,Dumbar,edumbar80@reuters.com,Female,160.175.158.40
1390,Ross,Sharland,rsharland81@liveinternet.ru,Male,91.126.126.54
1391,Minnnie,Potkin,mpotkin82@hubpages.com,Non-binary,222.37.252.22
1392,Lin,De Caville,ldecaville83@economist.com,Non-binary,204.60.71.36
1393,Horton,Danson,hdanson84@yandex.ru,Male,24.112.3.76
1394,Dori,Crosser,dcrosser85@statcounter.com,Female,51.75.249.48
1395,Schuyler,Doudney,sdoudney86@mtv.com,Male,186.246.145.65
1396,Amabelle,Babbage,ababbage87@hud.gov,Female,144.240.11.169
1397,Lonna,Byway,lbyway88@friendfeed.com,Female,111.35.119.1
1398,Thibaut,Gantz,tgantz89@yandex.ru,Male,80.178.224.244
1399,Sibylle,Raittie,sraittie8a@hhs.gov,Female,194.98.181.35
1400,Lurline,Aps,laps8b@goo.gl,Female,10.25.149.98
1401,Idalina,Beausang,ibeausang8c@surveymonkey.com,Female,162.245.34.58
1402,Nil,Barfield,nbarfield8d@usa.gov,Male,160.137.224.33
1403,Lemmy,Hawksley,lhawksley8e@hc360.com,Non-binary,149.49.187.253
1404,Wallie,Rabier,wrabier8f@huffingtonpost.com,Male,49.3.179.142
1405,Hobie,Trunby,htrunby8g@shinystat.com,Male,216.149.145.84
1406,Salim,Rouff,srouff8h@cafepress.com,Male,149.158.2.49
1407,Samson,Willerstone,swillerstone8i@dyndns.org,Male,5.88.219.40
1408,Jean,Karet,jkaret8j@plala.or.jp,Female,129.75.9.77
1409,Arlie,Goodday,agoodday8k@yandex.ru,Female,119.81.240.145
1410,Clarance,How to preserve,chowtopreserve8l@typepad.com,Male,84.91.102.40
1411,Tobey,Giorgione,tgiorgione8m@forbes.com,Female,4.173.100.185
1412,Natalya,Vant,nvant8n@gov.uk,Female,254.90.42.54
1413,Gaile,Haitlie,ghaitlie8o@businessweek.com,Male,29.186.158.97
1414,Denyse,Trotter,dtrotter8p@moonfruit.com,Female,99.250.125.2
1415,Steffane,Beadel,sbeadel8q@hao123.com,Female,181.152.110.21
1416,Galven,Van der Beek,gvanderbeek8r@huffingtonpost.com,Male,53.209.232.44
1417,Henrie,Union,hunion8s@uiuc.edu,Female,224.37.139.145
1418,Perle,Gildersleaves,pgildersleaves8t@nationalgeographic.com,Female,227.144.18.201
1419,Osbourn,Barense,obarense8u@shutterfly.com,Male,218.41.120.31
1420,Roxy,Leport,rleport8v@cargocollective.com,Female,108.120.223.176
1421,Zebadiah,Daniau,zdaniau8w@wsj.com,Male,253.238.239.173
1422,Cris,Croutear,ccroutear8x@cbslocal.com,Female,70.6.235.253
1423,Mindy,Loder,mloder8y@aol.com,Female,121.36.38.116
1424,Leontine,Dutton,ldutton8z@apache.org,Female,194.52.10.36
1425,Gawain,Turl,gturl90@rakuten.co.jp,Male,28.195.164.78
1426,Hannie,Wanklin,hwanklin91@hao123.com,Female,160.26.31.49
1427,Massimo,Bayston,mbayston92@devhub.com,Male,190.160.115.241
1428,Ninette,Bliven,nbliven93@merriam-webster.com,Female,224.148.253.206
1429,Mickie,Temperley,mtemperley94@chronoengine.com,Genderfluid,64.37.85.110
1430,Claudell,Wormstone,cwormstone95@about.me,Male,242.12.210.182
1431,Lorianna,Choak,lchoak96@so-net.ne.jp,Female,142.80.243.255
1432,Ardella,Cordeux,acordeux97@chronoengine.com,Female,191.169.228.124
1433,Nelle,Blackley,nblackley98@seesaa.net,Female,149.173.96.97
1434,Tremayne,Cutress,tcutress99@sfgate.com,Male,90.0.88.239
1435,Dorotea,Toffaloni,dtoffaloni9a@acquirethisname.com,Female,107.40.235.243
1436,Russell,Thacke,rthacke9b@cyberchimps.com,Male,212.132.165.31
1437,Lauretta,Wickmann,lwickmann9c@friendfeed.com,Female,76.154.93.29
1438,Sheridan,Tomson,stomson9d@google.com.hk,Male,43.244.171.228
1439,Rebekah,Tredwell,rtredwell9e@independent.co.uk,Female,159.88.82.83
1440,Gran,Cathee,gcathee9f@craigslist.org,Male,52.149.254.11
1441,Shelly,Devin,sdevin9g@myspace.com,Female,1.99.19.152
1442,Daveen,Lenton,dlenton9h@samsung.com,Agender,81.72.235.234
1443,Lutero,Di Ruggero,ldiruggero9i@homestead.com,Male,62.29.159.94
1444,Teador,Pettecrew,tpettecrew9j@admin.ch,Male,4.40.246.207
1445,Papageno,Watling,pwatling9k@mit.edu,Male,120.102.8.110
1446,Nert,Inkpen,ninkpen9l@sbwire.com,Female,220.102.72.198
1447,Jammal,Rennebach,jrennebach9m@smugmug.com,Male,239.67.78.209
1448,Katerine,Gouda,kgouda9n@washingtonpost.com,Female,188.4.209.151
1449,Jeanine,Michelmore,jmichelmore9o@abc.net.au,Female,94.99.145.42
1450,Bianca,Shakesby,bshakesby9p@shinystat.com,Female,50.244.15.211
1451,Adara,Nairn,anairn9q@pagesperso-orange.fr,Female,174.138.160.70
1452,Ganny,Bugbee,gbugbee9r@prnewswire.com,Male,121.23.200.47
1453,Hilly,Penvarden,hpenvarden9s@jalbum.net,Male,134.79.86.127
1454,Jeannine,Paoletti,jpaoletti9t@pinterest.com,Female,103.112.1.117
1455,Jeannie,Petera,jpetera9u@java.com,Genderfluid,250.58.226.61
1456,Jori,Croote,jcroote9v@house.gov,Female,74.106.96.106
1457,Tucker,Reddoch,treddoch9w@google.ca,Male,217.7.69.246
1458,Mellisent,Fox,mfox9x@hao123.com,Female,13.253.105.99
1459,Sabine,Gartrell,sgartrell9y@example.com,Female,91.94.95.122
1460,Gertie,Dysert,gdysert9z@marriott.com,Female,146.84.39.242
1461,Jasmina,Akast,jakasta0@google.com.hk,Female,170.234.93.189
1462,Lucas,Webbe,lwebbea1@msu.edu,Male,239.55.242.18
1463,Alysia,Jakubovits,ajakubovitsa2@paypal.com,Female,131.237.163.114
1464,Nady,Querree,nquerreea3@github.com,Female,128.61.198.219
1465,Homerus,Dhenin,hdhenina4@seesaa.net,Male,76.141.241.116
1466,Giffie,Beseke,gbesekea5@bloglines.com,Male,181.25.179.69
1467,Gregor,Wilbore,gwilborea6@pcworld.com,Male,139.98.111.10
1468,Erin,Reubens,ereubensa7@list-manage.com,Male,132.65.106.33
1469,Gerda,Grabb,ggrabba8@mlb.com,Female,109.232.102.101
1470,Masha,Benzie,mbenziea9@umn.edu,Female,22.211.1.166
1471,Maurie,Couser,mcouseraa@blinklist.com,Male,78.146.33.231
1472,Marnia,D'Cruze,mdcruzeab@walmart.com,Female,140.149.106.36
1473,Berni,Toplin,btoplinac@jimdo.com,Female,217.124.172.211
1474,Weston,Thurling,wthurlingad@shutterfly.com,Male,242.47.141.119
1475,Ginger,Siddele,gsiddeleae@berkeley.edu,Male,160.32.63.2
1476,Jeralee,Tickel,jtickelaf@shop-pro.jp,Female,211.74.149.125
1477,Sofia,Jost,sjostag@360.cn,Female,217.49.2.28
1478,Welby,Mair,wmairah@jalbum.net,Male,220.45.131.170
1479,Lyman,Girauld,lgirauldai@fc2.com,Male,156.37.16.120
1480,Ky,McMorland,kmcmorlandaj@apple.com,Male,43.25.5.68
1481,Nikolaos,Haddington,nhaddingtonak@ustream.tv,Male,181.88.213.44
1482,Bert,Georgot,bgeorgotal@freewebs.com,Male,159.141.104.205
1483,Pepillo,Wahlberg,pwahlbergam@admin.ch,Male,234.155.141.162
1484,Alva,Lamboll,alambollan@sphinn.com,Male,134.210.93.102
1485,Terencio,Mockler,tmocklerao@free.fr,Genderfluid,253.217.71.121
1486,Imojean,Waszczykowski,iwaszczykowskiap@reverbnation.com,Female,7.81.221.208
1487,Ros,Elsy,relsyaq@elpais.com,Female,248.204.210.5
1488,Emilio,Markl,emarklar@plala.or.jp,Male,167.196.92.16
1489,Dayna,Joannet,djoannetas@fema.gov,Female,90.174.61.178
1490,Hetti,Ticic,hticicat@furl.net,Female,181.12.202.137
1491,Der,Wallsworth,dwallsworthau@wunderground.com,Male,122.237.57.58
1492,Anne,Hatt,ahattav@vk.com,Polygender,2.236.151.5
1493,Farrand,Restall,frestallaw@nydailynews.com,Polygender,207.222.131.96
1494,Isa,Burchall,iburchallax@oakley.com,Female,20.174.212.206
1495,Riannon,Duffrie,rduffrieay@list-manage.com,Genderfluid,146.25.243.34
1496,Lianne,Ianno,liannoaz@bbb.org,Bigender,205.174.100.179
1497,Sigismond,Bedo,sbedob0@furl.net,Male,116.246.24.100
1498,Leilah,Ikin,likinb1@adobe.com,Female,220.197.39.5
1499,Faulkner,McCahey,fmccaheyb2@telegraph.co.uk,Male,12.208.119.178
1500,Gerhard,O' Mullan,gomullanb3@virginia.edu,Male,43.184.56.15
1501,Clive,Barrable,cbarrableb4@usgs.gov,Non-binary,60.218.94.12
1502,Isacco,Pankhurst.,ipankhurstb5@google.fr,Male,73.9.81.230
1503,Mark,Else,melseb6@netlog.com,Male,152.201.204.229
1504,Donny,Capell,dcapellb7@altervista.org,Female,96.252.106.129
1505,Kingsley,Gummary,kgummaryb8@youtube.com,Male,135.251.242.50
1506,Sheba,Leiden,sleidenb9@yandex.ru,Female,231.70.238.156
1507,Annemarie,Huzzey,ahuzzeyba@ycombinator.com,Female,134.119.131.213
1508,Stanislas,Monaghan,smonaghanbb@army.mil,Male,239.56.42.249
1509,Inger,Rodman,irodmanbc@nydailynews.com,Female,124.15.124.108
1510,Sal,Snoxall,ssnoxallbd@sourceforge.net,Male,189.32.146.12
1511,Korney,Wilshire,kwilshirebe@vk.com,Female,176.160.60.250
1512,Tabb,Woodrup,twoodrupbf@wunderground.com,Bigender,46.235.203.245
1513,Rab,Elcy,relcybg@google.com.hk,Non-binary,120.235.235.74
1514,Lenette,Sjostrom,lsjostrombh@unicef.org,Polygender,44.155.30.24
1515,Marilee,Biles,mbilesbi@smh.com.au,Female,116.227.42.179
1516,Kiley,Kenn,kkennbj@usgs.gov,Male,157.177.6.107
1517,Doyle,Barbosa,dbarbosabk@miibeian.gov.cn,Male,72.210.214.1
1518,Josselyn,Ackwood,jackwoodbl@fc2.com,Female,235.56.111.227
1519,Clemmy,Boote,cbootebm@flavors.me,Male,211.128.232.182
1520,Goddart,Saiger,gsaigerbn@ehow.com,Male,168.128.67.255
1521,Paquito,Possek,ppossekbo@edublogs.org,Male,41.142.187.167
1522,Nobe,Tremberth,ntremberthbp@altervista.org,Male,97.173.164.214
1523,Milli,Redmore,mredmorebq@aol.com,Female,185.48.61.238
1524,Elicia,McNevin,emcnevinbr@t.co,Female,141.200.248.113
1525,Chadwick,Crocken,ccrockenbs@linkedin.com,Male,198.2.149.156
1526,Fergus,Taplin,ftaplinbt@imdb.com,Male,228.230.42.140
1527,Taddeusz,Heaslip,theaslipbu@redcross.org,Male,10.118.186.127
1528,Lonny,Skelton,lskeltonbv@nydailynews.com,Male,93.144.77.111
1529,Rossie,Habercham,rhaberchambw@columbia.edu,Male,2.226.126.117
1530,Aron,Nesby,anesbybx@yahoo.com,Male,139.54.18.223
1531,Darya,Shirlaw,dshirlawby@tripadvisor.com,Female,230.189.15.240
1532,Frieda,Handmore,fhandmorebz@thetimes.co.uk,Female,9.55.137.13
1533,Roderic,Dray,rdrayc0@amazon.co.jp,Male,66.35.119.142
1534,Erina,Brobyn,ebrobync1@bloglines.com,Agender,44.212.225.171
1535,Octavia,Ramalho,oramalhoc2@mayoclinic.com,Female,147.147.195.2
1536,Cooper,Villa,cvillac3@adobe.com,Male,10.63.162.166
1537,Filippo,Arnoult,farnoultc4@sciencedirect.com,Male,132.201.242.44
1538,Cathi,Justis,cjustisc5@alibaba.com,Female,232.178.82.43
1539,Daniela,Talboy,dtalboyc6@example.com,Female,1.194.169.231
1540,Norah,Bodleigh,nbodleighc7@sun.com,Female,105.254.90.204
1541,Launce,Matthius,lmatthiusc8@ca.gov,Male,233.137.222.176
1542,Tamara,Milsted,tmilstedc9@woothemes.com,Female,232.152.144.5
1543,Gabby,Rebanks,grebanksca@sohu.com,Male,114.185.180.201
1544,Rafaelia,Petch,rpetchcb@nationalgeographic.com,Female,116.92.5.201
1545,Egon,Cansdale,ecansdalecc@craigslist.org,Male,87.67.206.248
1546,Hube,Bartod,hbartodcd@nps.gov,Male,185.121.128.165
1547,Ragnar,Meardon,rmeardonce@newsvine.com,Male,21.23.178.138
1548,Maynard,Youings,myouingscf@tinyurl.com,Male,174.244.194.198
1549,Frederich,Allbon,fallboncg@upenn.edu,Male,41.42.10.184
1550,Humfrey,Laughren,hlaughrench@ifeng.com,Male,15.230.32.236
1551,Adria,Houndson,ahoundsonci@nba.com,Female,107.32.217.101
1552,Latashia,Crome,lcromecj@virginia.edu,Female,134.234.69.166
1553,Rosina,Berger,rbergerck@whitehouse.gov,Female,236.239.32.39
1554,Cris,Morfett,cmorfettcl@123-reg.co.uk,Female,167.157.13.52
1555,Becki,Cayzer,bcayzercm@illinois.edu,Female,235.122.157.168
1556,Johnny,Briar,jbriarcn@va.gov,Male,231.251.203.60
1557,Toddy,Doctor,tdoctorco@loc.gov,Male,147.243.71.254
1558,Reggie,Muirden,rmuirdencp@google.com,Male,236.239.234.212
1559,Tana,Grasser,tgrassercq@home.pl,Female,130.14.32.161
1560,Meade,Planke,mplankecr@joomla.org,Male,124.182.141.14
1561,Ginni,Cornau,gcornaucs@sbwire.com,Female,180.143.241.123
1562,Eba,Pendered,ependeredct@mapy.cz,Female,56.194.247.27
1563,Hamlin,Heynen,hheynencu@1688.com,Male,35.61.164.172
1564,Madelin,Bradock,mbradockcv@hubpages.com,Female,204.124.51.8
1565,Georgine,Webster,gwebstercw@huffingtonpost.com,Female,60.130.36.51
1566,Magdaia,Sidgwick,msidgwickcx@webnode.com,Genderfluid,227.194.170.142
1567,Tracy,Coushe,tcoushecy@umn.edu,Male,7.235.108.195
1568,Denny,Brood,dbroodcz@scribd.com,Bigender,64.246.186.233
1569,Katrinka,Cumbridge,kcumbridged0@theguardian.com,Female,239.10.69.249
1570,Godart,Dalgardno,gdalgardnod1@whitehouse.gov,Male,16.241.164.16
1571,Daisey,Labro,dlabrod2@freewebs.com,Female,237.64.174.78
1572,Guillermo,Conniam,gconniamd3@imageshack.us,Male,29.145.37.17
1573,Iorgos,Killerby,ikillerbyd4@imgur.com,Non-binary,171.153.34.192
1574,Vyky,Malletratt,vmalletrattd5@cdc.gov,Genderfluid,121.27.13.37
1575,Graeme,Rickford,grickfordd6@mail.ru,Male,155.82.5.247
1576,August,Eames,aeamesd7@seattletimes.com,Male,180.111.6.121
1577,Jarad,Magrannell,jmagrannelld8@ox.ac.uk,Genderfluid,209.28.251.26
1578,Lina,Orman,lormand9@cdc.gov,Female,44.144.21.15
1579,Randi,Czaple,rczapleda@google.fr,Female,131.23.104.247
1580,Paten,Michele,pmicheledb@mit.edu,Male,222.202.135.63
1581,Toddy,MacGillreich,tmacgillreichdc@ustream.tv,Male,240.43.8.227
1582,Dar,Chapling,dchaplingdd@sohu.com,Male,38.152.20.185
1583,Benn,Trowell,btrowellde@wiley.com,Male,45.35.68.66
1584,Noe,Pincott,npincottdf@google.fr,Male,106.225.175.161
1585,Vlad,Arthan,varthandg@scribd.com,Male,106.18.134.246
1586,Harmonie,Burberry,hburberrydh@umn.edu,Female,73.49.85.223
1587,Iggy,Karpets,ikarpetsdi@dell.com,Male,46.52.199.34
1588,Shandy,Bottle,sbottledj@theatlantic.com,Female,251.45.73.81
1589,Isaak,Simonin,isimonindk@liveinternet.ru,Male,177.251.68.72
1590,Jacynth,Churchman,jchurchmandl@nymag.com,Female,135.81.70.100
1591,Brade,Boorer,bboorerdm@studiopress.com,Male,120.168.27.167
1592,Papagena,Gailor,pgailordn@mit.edu,Female,208.148.31.207
1593,Wilhelm,Garnson,wgarnsondo@bigcartel.com,Male,203.155.229.241
1594,Melisenda,Stoffersen,mstoffersendp@cargocollective.com,Female,181.60.93.252
1595,Bartlett,Borge,bborgedq@wufoo.com,Male,33.61.130.253
1596,Janina,Heal,jhealdr@sakura.ne.jp,Agender,176.89.48.165
1597,Carroll,MacCurlye,cmaccurlyeds@nymag.com,Female,172.96.141.23
1598,Larine,Oakenfield,loakenfielddt@google.com,Female,223.55.146.132
1599,Michel,Serginson,mserginsondu@lycos.com,Female,90.41.150.23
1600,Rodie,Cayton,rcaytondv@hao123.com,Agender,254.99.145.76
1601,Granville,McFadin,gmcfadindw@bravesites.com,Genderqueer,23.168.76.234
1602,Rafferty,Beeston,rbeestondx@microsoft.com,Male,210.205.201.252
1603,Marcelo,Stoop,mstoopdy@cbslocal.com,Male,66.147.126.50
1604,Trefor,Hellens,thellensdz@wikipedia.org,Male,187.141.50.108
1605,Courtenay,Armour,carmoure0@japanpost.jp,Female,86.152.18.107
1606,Hewet,Curbishley,hcurbishleye1@guardian.co.uk,Male,231.31.194.60
1607,Bernadine,Mosley,bmosleye2@google.cn,Genderqueer,2.237.199.8
1608,Aurel,Jurewicz,ajurewicze3@clickbank.net,Female,11.48.183.39
1609,Haily,O'Dee,hodeee4@trellian.com,Male,29.178.214.74
1610,Vivi,Dartnall,vdartnalle5@vk.com,Female,27.64.108.51
1611,Stesha,Vain,svaine6@trellian.com,Female,203.143.0.68
1612,Lane,Stener,lstenere7@plala.or.jp,Female,175.165.225.70
1613,Huntlee,Bartol,hbartole8@flickr.com,Male,128.209.105.199
1614,Robbie,Ranken,rrankene9@shutterfly.com,Male,252.152.254.183
1615,Verney,Gerritsma,vgerritsmaea@behance.net,Male,204.104.235.72
1616,Merwyn,Martinyuk,mmartinyukeb@thetimes.co.uk,Male,131.222.50.255
1617,Anatol,Ruck,aruckec@narod.ru,Male,250.110.254.171
1618,Jeremy,Nucator,jnucatored@mashable.com,Non-binary,238.245.62.207
1619,Urban,Denziloe,udenziloeee@clickbank.net,Male,238.23.125.89
1620,Brnaby,Slayton,bslaytonef@smh.com.au,Male,65.119.185.206
1621,Hermine,Gilliatt,hgilliatteg@sogou.com,Non-binary,243.176.161.253
1622,Babb,Payler,bpaylereh@slideshare.net,Female,148.187.72.60
1623,Leopold,Bonnor,lbonnorei@surveymonkey.com,Male,96.133.214.10
1624,Bartram,Dummigan,bdummiganej@cbsnews.com,Male,97.218.138.184
1625,Ailee,O'Lunney,aolunneyek@skype.com,Female,57.60.248.93
1626,Cheslie,Volett,cvolettel@bravesites.com,Female,243.98.33.52
1627,Sari,Malicki,smalickiem@a8.net,Female,220.242.213.98
1628,Zach,Colaco,zcolacoen@ezinearticles.com,Male,191.0.40.160
1629,Halie,Lindro,hlindroeo@xinhuanet.com,Female,127.229.62.73
1630,Siouxie,Yatman,syatmanep@squarespace.com,Female,157.133.50.77
1631,Carole,Royston,croystoneq@latimes.com,Female,113.226.110.252
1632,Mic,Rudiger,mrudigerer@dropbox.com,Bigender,186.245.52.225
1633,Ysabel,Stanistreet,ystanistreetes@google.ru,Female,115.67.105.226
1634,Marthena,Lambeth,mlambethet@over-blog.com,Female,125.80.232.6
1635,Malachi,Dunan,mdunaneu@smugmug.com,Male,152.101.180.88
1636,Lanie,Brayley,lbrayleyev@dion.ne.jp,Male,35.120.144.49
1637,Norris,Berzon,nberzonew@ifeng.com,Male,50.42.150.21
1638,Ludwig,Fillary,lfillaryex@e-recht24.de,Male,115.125.27.241
1639,Gnni,Piscopello,gpiscopelloey@youku.com,Female,142.30.247.140
1640,Wynnie,Baldcock,wbaldcockez@gravatar.com,Female,44.163.213.6
1641,Timothy,Goodger,tgoodgerf0@mysql.com,Non-binary,196.167.140.33
1642,Frayda,Annies,fanniesf1@purevolume.com,Female,159.108.54.100
1643,Othilia,Stienton,ostientonf2@time.com,Female,97.154.14.172
1644,Cyril,Moye,cmoyef3@va.gov,Male,140.205.170.176
1645,Ysabel,Eckart,yeckartf4@netlog.com,Bigender,175.40.106.254
1646,Darlene,Roglieri,droglierif5@alibaba.com,Polygender,112.18.160.212
1647,Ranna,Grimwad,rgrimwadf6@time.com,Female,164.220.135.76
1648,Gearard,Josham,gjoshamf7@xrea.com,Male,103.252.92.31
1649,Nerissa,Pirolini,npirolinif8@ow.ly,Female,227.193.145.49
1650,Torie,Long,tlongf9@craigslist.org,Female,160.179.122.144
1651,Bridgette,Hartegan,bharteganfa@tmall.com,Female,131.8.10.220
1652,Oralie,Edison,oedisonfb@newyorker.com,Female,147.35.163.0
1653,Jayme,Kettell,jkettellfc@slate.com,Male,218.127.211.144
1654,Nancee,Braywood,nbraywoodfd@deliciousdays.com,Female,145.110.168.206
1655,Randy,Shewsmith,rshewsmithfe@posterous.com,Female,191.182.194.205
1656,Mill,Benjefield,mbenjefieldff@tumblr.com,Male,133.170.217.236
1657,Kerk,Sterndale,ksterndalefg@people.com.cn,Male,69.5.114.102
1658,Pen,Paoloni,ppaolonifh@storify.com,Male,81.241.208.4
1659,Sianna,Janowicz,sjanowiczfi@goo.ne.jp,Female,225.8.212.152
1660,Hagan,Benner,hbennerfj@wp.com,Male,3.195.253.253
1661,Felicio,Amberson,fambersonfk@mit.edu,Male,228.84.103.254
1662,Husein,Le Claire,hleclairefl@nbcnews.com,Male,89.76.207.109
1663,Kandace,Staner,kstanerfm@cbsnews.com,Female,55.240.116.90
1664,Antonino,Speedy,aspeedyfn@deliciousdays.com,Male,56.231.198.87
1665,Jerry,Cocher,jcocherfo@acquirethisname.com,Non-binary,233.147.230.130
1666,Stephan,Carnduff,scarndufffp@ovh.net,Male,182.134.187.193
1667,Patsy,Dear,pdearfq@imageshack.us,Bigender,10.212.244.190
1668,Kate,Brawley,kbrawleyfr@pcworld.com,Female,7.53.241.246
1669,Randolf,Vivian,rvivianfs@ucsd.edu,Male,149.157.91.218
1670,Micky,Voden,mvodenft@123-reg.co.uk,Male,100.50.136.28
1671,Forest,Cuddy,fcuddyfu@wikimedia.org,Male,150.3.123.126
1672,Zechariah,Kettleson,zkettlesonfv@springer.com,Male,186.44.154.221
1673,Vanni,Butterfint,vbutterfintfw@constantcontact.com,Female,189.101.55.181
1674,Risa,Weeden,rweedenfx@google.de,Female,33.121.213.232
1675,Clea,Skurray,cskurrayfy@altervista.org,Female,1.25.0.190
1676,Ianthe,Brooke,ibrookefz@wp.com,Female,245.250.44.69
1677,Homer,Garnar,hgarnarg0@kickstarter.com,Male,70.193.239.111
1678,Killie,Armitage,karmitageg1@harvard.edu,Male,147.87.100.250
1679,Lauraine,Mc Gaughey,lmcgaugheyg2@macromedia.com,Agender,64.89.75.189
1680,Leisha,Pimbley,lpimbleyg3@sbwire.com,Female,221.1.184.93
1681,Hannah,Gooday,hgoodayg4@youtu.be,Non-binary,51.8.69.126
1682,Hamid,Cruse,hcruseg5@myspace.com,Male,68.46.104.233
1683,Vivia,Mertel,vmertelg6@joomla.org,Female,234.19.7.199
1684,Tamas,Ayer,tayerg7@stanford.edu,Male,11.8.216.31
1685,Kelly,De Blasi,kdeblasig8@reference.com,Female,242.198.82.231
1686,Amble,Dabels,adabelsg9@hao123.com,Male,224.64.243.187
1687,Hazel,Bayle,hbaylega@whitehouse.gov,Male,202.246.187.173
1688,Leandra,Clopton,lcloptongb@epa.gov,Female,243.107.35.187
1689,Dorine,Deverell,ddeverellgc@amazonaws.com,Female,194.109.227.158
1690,Shurlocke,Hinks,shinksgd@hc360.com,Male,193.90.27.42
1691,Mile,Melding,mmeldingge@ox.ac.uk,Male,210.159.98.71
1692,Herman,Flaxon,hflaxongf@statcounter.com,Male,5.209.27.255
1693,Madeline,Hanbury,mhanburygg@eepurl.com,Female,35.100.240.244
1694,Free,Dimmack,fdimmackgh@mozilla.com,Male,215.252.180.25
1695,Isabella,Neve,inevegi@un.org,Female,103.168.153.255
1696,Robert,Theakston,rtheakstongj@nbcnews.com,Male,28.143.155.161
1697,Pietrek,Haycock,phaycockgk@columbia.edu,Male,113.99.125.130
1698,Gui,Gladtbach,ggladtbachgl@moonfruit.com,Female,24.214.97.190
1699,Gasparo,Elce,gelcegm@springer.com,Male,169.84.72.243
1700,Bear,Ayto,baytogn@scientificamerican.com,Male,203.226.94.128
1701,Tonya,Casement,tcasementgo@moonfruit.com,Female,177.43.143.37
1702,Emiline,Dallaghan,edallaghangp@chron.com,Female,17.50.25.149
1703,Kelly,McCutheon,kmccutheongq@guardian.co.uk,Male,236.7.165.239
1704,Whittaker,Gissing,wgissinggr@ibm.com,Male,171.67.235.157
1705,Prudi,Rushbury,prushburygs@nifty.com,Female,227.145.121.37
1706,Hugues,Meffin,hmeffingt@goodreads.com,Male,76.250.22.198
1707,Veradis,Rilton,vriltongu@jalbum.net,Female,230.167.171.181
1708,Stacee,Blowers,sblowersgv@google.com.au,Male,208.12.36.243
1709,Jessee,Alden,jaldengw@google.com.au,Male,197.167.104.106
1710,Barney,Zanetti,bzanettigx@yellowpages.com,Male,157.147.139.33
1711,Demeter,Scutching,dscutchinggy@cdc.gov,Female,10.17.247.232
1712,Pascale,Kibble,pkibblegz@abc.net.au,Male,104.147.254.251
1713,Niki,Casol,ncasolh0@upenn.edu,Female,231.163.203.217
1714,Leonhard,Mac Giany,lmacgianyh1@51.la,Male,204.151.115.7
1715,Gilbertine,Hickisson,ghickissonh2@webmd.com,Female,166.209.2.169
1716,Daven,Karolowski,dkarolowskih3@reddit.com,Male,42.100.239.148
1717,Silvana,Doldon,sdoldonh4@telegraph.co.uk,Female,52.17.100.27
1718,Ramon,Linggard,rlinggardh5@angelfire.com,Male,47.126.114.44
1719,Griffy,Rilings,grilingsh6@spiegel.de,Male,40.70.19.142
1720,Teddie,Ghelardi,tghelardih7@admin.ch,Male,73.39.184.53
1721,Jewelle,Beare,jbeareh8@nba.com,Female,153.78.160.33
1722,Faunie,Yesipov,fyesipovh9@techcrunch.com,Genderfluid,79.166.158.141
1723,Forest,Pinnocke,fpinnockeha@cmu.edu,Male,217.122.230.232
1724,Caressa,Bazoche,cbazochehb@sphinn.com,Female,40.89.55.55
1725,Alvina,Scouler,ascoulerhc@alibaba.com,Female,58.172.34.20
1726,Tersina,Alderwick,talderwickhd@smh.com.au,Female,233.8.231.166
1727,Bellina,Salandino,bsalandinohe@ow.ly,Female,238.98.31.153
1728,Ibby,Creggan,icregganhf@berkeley.edu,Female,126.87.50.17
1729,Benoit,Curran,bcurranhg@baidu.com,Male,20.143.173.201
1730,Ettie,Zeplin,ezeplinhh@admin.ch,Female,135.128.69.148
1731,Fidela,Tooley,ftooleyhi@dmoz.org,Female,240.11.66.10
1732,Ranee,Redley,rredleyhj@feedburner.com,Female,59.217.205.247
1733,Guthry,Goodrick,ggoodrickhk@angelfire.com,Non-binary,71.149.63.58
1734,Joyous,Warkup,jwarkuphl@nps.gov,Female,165.235.139.61
1735,Ruddy,Crossby,rcrossbyhm@google.ca,Male,10.250.18.104
1736,Tierney,Alvar,talvarhn@nationalgeographic.com,Female,118.65.228.99
1737,Taite,Elwill,telwillho@vimeo.com,Male,232.161.48.194
1738,Hastings,Cassel,hcasselhp@paypal.com,Male,234.158.196.149
1739,Harlin,Stellin,hstellinhq@biblegateway.com,Male,143.122.207.226
1740,Federica,Skingle,fskinglehr@cargocollective.com,Female,156.255.230.139
1741,Gregoor,Jaycock,gjaycockhs@taobao.com,Male,15.120.255.176
1742,Caressa,Tunney,ctunneyht@xinhuanet.com,Female,201.103.212.66
1743,Freddi,Omand,fomandhu@soundcloud.com,Female,171.92.196.79
1744,Jedediah,Magwood,jmagwoodhv@marriott.com,Male,64.233.216.103
1745,Sonni,Nunnery,snunneryhw@seattletimes.com,Female,177.4.89.36
1746,Auroora,Rambaut,arambauthx@webnode.com,Female,116.110.108.207
1747,Kile,Jentle,kjentlehy@goodreads.com,Male,200.242.98.35
1748,Rabi,Moralas,rmoralashz@ucla.edu,Male,229.179.90.100
1749,Edik,Bakey,ebakeyi0@accuweather.com,Male,129.121.172.242
1750,Bax,Poppy,bpoppyi1@noaa.gov,Male,65.125.209.234
1751,Idaline,Clubley,iclubleyi2@techcrunch.com,Female,9.146.135.252
1752,Adelind,Gladdis,agladdisi3@etsy.com,Genderqueer,88.108.33.179
1753,Marisa,Alfonzo,malfonzoi4@miitbeian.gov.cn,Female,201.90.156.134
1754,Montgomery,Flaubert,mflauberti5@census.gov,Male,155.185.9.146
1755,Terrance,Bucktrout,tbucktrouti6@businesswire.com,Male,136.116.102.20
1756,Doy,Wycherley,dwycherleyi7@jiathis.com,Male,221.13.196.121
1757,Brandtr,Velden,bveldeni8@state.tx.us,Male,93.133.153.109
1758,Simone,Ranaghan,sranaghani9@washington.edu,Male,55.18.24.27
1759,Roddy,Prene,rpreneia@123-reg.co.uk,Male,142.155.123.216
1760,Marga,Rainbird,mrainbirdib@biglobe.ne.jp,Non-binary,227.3.198.172
1761,Hana,Gillice,hgilliceic@typepad.com,Female,35.193.16.221
1762,Eolande,MacIver,emaciverid@canalblog.com,Genderqueer,168.229.6.67
1763,Jude,Tibald,jtibaldie@tripod.com,Male,75.34.158.217
1764,Brockie,Joyner,bjoynerif@va.gov,Male,140.28.113.118
1765,Janka,Whatman,jwhatmanig@quantcast.com,Female,101.238.122.237
1766,Joy,Steffens,jsteffensih@hexun.com,Female,191.180.111.3
1767,Matelda,Ferronier,mferronierii@msn.com,Female,245.5.188.0
1768,Karine,Wathan,kwathanij@dagondesign.com,Female,200.29.156.96
1769,Shaun,Meyer,smeyerik@tiny.cc,Male,201.66.247.29
1770,Riley,Allawy,rallawyil@dailymotion.com,Male,30.186.167.62
1771,Alissa,Spatig,aspatigim@imageshack.us,Female,254.83.249.177
1772,Babara,Munn,bmunnin@com.com,Female,44.98.98.248
1773,Silvanus,Braven,sbravenio@delicious.com,Male,230.98.189.153
1774,Maurice,Belchamp,mbelchampip@multiply.com,Male,124.5.158.64
1775,Alecia,Malimoe,amalimoeiq@marriott.com,Female,70.145.190.180
1776,Esteban,Berndtssen,eberndtssenir@imdb.com,Male,16.145.64.85
1777,Fernando,Bertson,fbertsonis@dailymotion.com,Male,174.143.83.43
1778,Stace,Pessel,spesselit@aboutads.info,Female,204.136.65.8
1779,Charlotta,Macken,cmackeniu@xing.com,Female,22.7.56.161
1780,Nerta,Drayton,ndraytoniv@pcworld.com,Female,232.73.146.213
1781,Giuditta,Faughey,gfaugheyiw@oracle.com,Female,151.105.94.138
1782,Denis,Macourek,dmacourekix@github.com,Polygender,154.37.54.239
1783,Dorice,Kroin,dkroiniy@google.ru,Female,192.33.235.180
1784,Cissiee,Hadfield,chadfieldiz@rediff.com,Non-binary,156.109.52.239
1785,Corinne,Nestor,cnestorj0@networksolutions.com,Female,186.58.163.201
1786,Broddy,D'Angeli,bdangelij1@ehow.com,Male,184.80.107.220
1787,Birgit,Lobbe,blobbej2@google.fr,Genderqueer,76.223.164.123
1788,Evangelia,Hovington,ehovingtonj3@dropbox.com,Female,53.86.32.15
1789,Jacklyn,Minette,jminettej4@printfriendly.com,Female,251.9.76.13
1790,Baillie,Wassell,bwassellj5@cbsnews.com,Bigender,176.98.240.12
1791,Ravi,Mesant,rmesantj6@simplemachines.org,Male,215.89.252.40
1792,Jourdain,Allner,jallnerj7@amazonaws.com,Male,114.144.91.190
1793,Sumner,Tretwell,stretwellj8@ft.com,Male,36.140.184.126
1794,Nickolaus,Ricold,nricoldj9@google.nl,Male,37.56.203.249
1795,Andrei,Gawthorpe,agawthorpeja@free.fr,Female,220.184.146.200
1796,Tulley,Belone,tbelonejb@dailymail.co.uk,Genderfluid,132.3.152.149
1797,Jaquenette,Burwell,jburwelljc@creativecommons.org,Female,182.68.19.203
1798,Cherey,Ceccoli,cceccolijd@noaa.gov,Female,229.175.74.193
1799,Luca,Haquin,lhaquinje@qq.com,Male,99.24.232.91
1800,Bee,Denning,bdenningjf@weibo.com,Female,161.23.150.54
1801,Esdras,Chatel,echateljg@ox.ac.uk,Male,28.102.209.200
1802,Aaron,Barthel,abartheljh@live.com,Male,12.200.197.69
1803,Read,Dalby,rdalbyji@nsw.gov.au,Male,49.220.101.71
1804,Odell,Paulack,opaulackjj@irs.gov,Genderfluid,6.214.26.1
1805,Dillon,Riddell,driddelljk@google.es,Male,67.1.19.65
1806,Cozmo,Balazot,cbalazotjl@google.de,Male,53.41.108.142
1807,Liam,Rawkesby,lrawkesbyjm@admin.ch,Male,176.136.114.21
1808,Kally,Reid,kreidjn@usnews.com,Female,70.152.1.10
1809,Calypso,Stolze,cstolzejo@merriam-webster.com,Female,209.211.192.61
1810,Artemus,Spehr,aspehrjp@noaa.gov,Male,4.50.120.255
1811,Patty,Lympany,plympanyjq@google.ru,Female,232.156.121.165
1812,Hube,Hrynczyk,hhrynczykjr@timesonline.co.uk,Male,179.13.153.130
1813,Kermit,Gonin,kgoninjs@jigsy.com,Male,227.137.111.189
1814,Laura,Siemandl,lsiemandljt@go.com,Female,8.227.132.46
1815,Reine,Tassell,rtassellju@4shared.com,Female,170.212.178.239
1816,Gerta,Shottin,gshottinjv@biblegateway.com,Female,3.67.174.95
1817,Dalton,Futty,dfuttyjw@live.com,Male,126.40.224.58
1818,Wallache,Orans,woransjx@prlog.org,Male,208.40.142.89
1819,Dolley,Merida,dmeridajy@xing.com,Female,136.171.224.180
1820,Elysee,Langfat,elangfatjz@wikia.com,Female,78.106.151.20
1821,Clemmy,Kettlesting,ckettlestingk0@earthlink.net,Female,103.216.100.250
1822,Bengt,Reaper,breaperk1@nasa.gov,Male,101.40.183.213
1823,Jenine,Fortoun,jfortounk2@spotify.com,Female,197.236.252.241
1824,Boyce,Nuccii,bnucciik3@whitehouse.gov,Male,93.213.22.157
1825,Roseanne,Hainey,rhaineyk4@vimeo.com,Genderfluid,226.138.30.18
1826,Efren,Claisse,eclaissek5@forbes.com,Male,230.186.252.128
1827,Desiri,Jezard,djezardk6@columbia.edu,Female,35.111.224.105
1828,Shir,Atlay,satlayk7@mit.edu,Female,72.56.206.200
1829,Giraldo,Zanitti,gzanittik8@liveinternet.ru,Male,31.181.147.122
1830,Theodosia,Bicknell,tbicknellk9@state.gov,Female,63.49.83.107
1831,Estella,Speddin,espeddinka@dailymail.co.uk,Genderqueer,102.210.112.165
1832,Ivan,Courson,icoursonkb@hp.com,Male,3.91.66.172
1833,Ferdinand,Franies,ffranieskc@google.com,Male,6.70.72.141
1834,Penni,Skally,pskallykd@altervista.org,Female,249.108.52.133
1835,Cale,Gueinn,cgueinnke@edublogs.org,Male,167.249.48.132
1836,Alfonse,Catcherside,acatchersidekf@xinhuanet.com,Non-binary,91.254.229.118
1837,Reuben,Drogan,rdrogankg@reddit.com,Male,233.84.112.92
1838,Stevie,Cecchetelli,scecchetellikh@nsw.gov.au,Agender,4.140.22.22
1839,Kent,Velden,kveldenki@mayoclinic.com,Male,170.112.228.51
1840,Rona,Danihelka,rdanihelkakj@printfriendly.com,Female,161.105.65.31
1841,Orran,Cheatle,ocheatlekk@ihg.com,Male,255.29.184.78
1842,Lynde,Shilstone,lshilstonekl@indiegogo.com,Female,146.78.147.68
1843,David,Dellenbrok,ddellenbrokkm@amazon.co.jp,Male,127.0.100.208
1844,Ambrosius,Cheng,achengkn@quantcast.com,Male,157.7.148.180
1845,Quintin,Thornham,qthornhamko@rediff.com,Male,153.1.2.22
1846,Miguel,Crowden,mcrowdenkp@dion.ne.jp,Male,89.159.80.23
1847,Raviv,Chesshire,rchesshirekq@storify.com,Male,19.55.63.176
1848,Rora,Bussy,rbussykr@bloglines.com,Female,206.235.161.219
1849,Tabitha,Di Carli,tdicarliks@sciencedaily.com,Female,72.82.236.60
1850,Bryant,Elia,beliakt@noaa.gov,Male,71.134.149.221
1851,Marris,McAuslene,mmcausleneku@foxnews.com,Female,244.77.3.25
1852,Sondra,Hinrichs,shinrichskv@wix.com,Female,152.189.152.137
1853,Brok,Muckian,bmuckiankw@people.com.cn,Male,233.89.82.160
1854,Henri,Ponceford,hponcefordkx@homestead.com,Male,74.136.38.98
1855,Amara,Duesberry,aduesberryky@simplemachines.org,Female,87.230.65.128
1856,Salvador,Montrose,smontrosekz@123-reg.co.uk,Male,85.210.5.175
1857,Cari,Maase,cmaasel0@devhub.com,Female,224.88.87.32
1858,Corny,Keetch,ckeetchl1@stumbleupon.com,Female,174.244.163.136
1859,Florence,Niland,fnilandl2@list-manage.com,Female,95.33.195.148
1860,Laurent,Burkinshaw,lburkinshawl3@themeforest.net,Male,81.57.102.22
1861,Doroteya,Vader,dvaderl4@vinaora.com,Female,169.68.248.7
1862,Marris,Floyde,mfloydel5@canalblog.com,Female,31.161.93.0
1863,Donalt,Maytum,dmaytuml6@discovery.com,Male,121.100.122.206
1864,Sharai,Windless,swindlessl7@cdc.gov,Female,202.223.35.94
1865,Dorelia,Forryan,dforryanl8@theglobeandmail.com,Female,125.180.192.27
1866,Sydney,Line,slinel9@joomla.org,Genderfluid,125.134.164.128
1867,Conni,Scutter,cscutterla@biblegateway.com,Female,127.44.248.13
1868,Delly,O'Kane,dokanelb@ameblo.jp,Female,64.190.240.154
1869,Glad,Salzburger,gsalzburgerlc@e-recht24.de,Female,43.61.202.240
1870,Petronia,Gibbieson,pgibbiesonld@archive.org,Female,160.113.87.71
1871,Hew,Carlon,hcarlonle@jalbum.net,Male,177.45.94.27
1872,Kacy,Teasey,kteaseylf@ox.ac.uk,Female,234.128.202.117
1873,Garfield,Portress,gportresslg@domainmarket.com,Male,119.248.236.28
1874,Dari,Filippucci,dfilippuccilh@telegraph.co.uk,Female,11.130.157.204
1875,Rabbi,Jarrel,rjarrelli@ebay.com,Male,249.188.208.149
1876,Daffie,Placstone,dplacstonelj@netscape.com,Female,176.187.253.38
1877,Bartolomeo,Sheather,bsheatherlk@springer.com,Male,97.39.229.63
1878,Theresa,Bartos,tbartosll@free.fr,Female,40.129.34.188
1879,Jillian,Farloe,jfarloelm@reverbnation.com,Female,202.197.234.101
1880,Reggi,Deporte,rdeporteln@theglobeandmail.com,Female,193.80.203.64
1881,Hinze,Mauchlen,hmauchlenlo@webeden.co.uk,Male,168.211.167.124
1882,Nicol,Holligan,nholliganlp@xing.com,Female,112.125.136.183
1883,Hadlee,Iredale,hiredalelq@utexas.edu,Male,185.239.206.132
1884,Merrel,Pavlenkov,mpavlenkovlr@moonfruit.com,Male,71.79.235.77
1885,Alikee,Blindmann,ablindmannls@cisco.com,Genderfluid,88.47.251.249
1886,Shay,Lantuffe,slantuffelt@list-manage.com,Male,7.23.153.74
1887,Brittany,Drohane,bdrohanelu@buzzfeed.com,Female,24.121.252.206
1888,Auroora,Eastope,aeastopelv@nydailynews.com,Female,72.254.165.225
1889,Linzy,Wale,lwalelw@dmoz.org,Female,174.121.102.169
1890,Flori,Lainton,flaintonlx@mail.ru,Female,243.155.255.128
1891,Perren,Teague,pteaguely@timesonline.co.uk,Male,25.72.246.50
1892,Sisile,McDuall,smcdualllz@ow.ly,Female,248.13.103.103
1893,Esteban,Busswell,ebusswellm0@cnet.com,Male,27.20.141.159
1894,Derek,Barrows,dbarrowsm1@webmd.com,Male,14.5.65.41
1895,Katy,Alderman,kaldermanm2@cbslocal.com,Bigender,102.246.23.44
1896,Janet,Kirkland,jkirklandm3@flickr.com,Genderfluid,85.226.51.54
1897,Rochester,Ambroisin,rambroisinm4@ucoz.ru,Male,8.230.160.224
1898,Arlan,Sapsforde,asapsfordem5@sfgate.com,Male,0.24.140.29
1899,Aubrette,Ales0,aalesm6@unc.edu,Female,84.86.165.48
1900,Tova,Ayliff,tayliffm7@hostgator.com,Female,226.67.42.35
1901,Levy,Scardifield,lscardifieldm8@so-net.ne.jp,Male,207.248.247.151
1902,Dyan,Cornes,dcornesm9@nbcnews.com,Female,158.199.213.167
1903,Ogden,Vidgeon,ovidgeonma@archive.org,Male,197.176.193.57
1904,Raimondo,Bodocs,rbodocsmb@webs.com,Male,186.126.153.53
1905,Nelie,Argente,nargentemc@plala.or.jp,Female,156.181.24.165
1906,Lowe,Rusk,lruskmd@gmpg.org,Male,207.113.189.30
1907,Rufe,McGoon,rmcgoonme@cisco.com,Male,43.61.24.214
1908,Melisse,Zuppa,mzuppamf@usgs.gov,Female,229.246.177.69
1909,Brietta,Patterfield,bpatterfieldmg@t-online.de,Female,198.56.68.57
1910,Darrin,Daal,ddaalmh@tamu.edu,Male,67.53.141.246
1911,Raeann,Eskrigg,reskriggmi@ed.gov,Female,179.114.198.67
1912,Major,Wogan,mwoganmj@dell.com,Male,132.130.242.136
1913,Gamaliel,Lawey,glaweymk@live.com,Male,38.23.120.124
1914,Ellwood,Townson,etownsonml@webs.com,Male,89.202.174.249
1915,Durand,McCloy,dmccloymm@icq.com,Male,233.135.73.38
1916,Victoria,Cowoppe,vcowoppemn@youtu.be,Female,23.81.71.48
1917,Renault,Nimmo,rnimmomo@omniture.com,Male,30.134.41.123
1918,Giffie,Fechnie,gfechniemp@blogspot.com,Male,2.123.86.135
1919,Joanna,Crigin,jcriginmq@hc360.com,Female,221.68.58.188
1920,Griff,Djorevic,gdjorevicmr@usatoday.com,Male,248.49.50.99
1921,Maxy,Foreman,mforemanms@independent.co.uk,Male,18.235.64.108
1922,Erik,Olenin,eoleninmt@tumblr.com,Male,106.171.41.4
1923,Willabella,McLane,wmclanemu@pagesperso-orange.fr,Bigender,177.151.169.42
1924,Sonia,Yegoshin,syegoshinmv@chicagotribune.com,Female,194.99.91.120
1925,Berti,Mabone,bmabonemw@dedecms.com,Female,187.120.11.94
1926,Mirabella,Fantone,mfantonemx@sciencedirect.com,Female,165.151.18.174
1927,Konrad,Deplacido,kdeplacidomy@wikimedia.org,Male,249.225.20.213
1928,Gerti,Lumby,glumbymz@latimes.com,Female,175.19.79.100
1929,Claiborne,Skelcher,cskelchern0@i2i.jp,Male,178.103.102.69
1930,Kasper,Whittier,kwhittiern1@friendfeed.com,Male,255.166.205.253
1931,Alic,Wombwell,awombwelln2@blogtalkradio.com,Male,193.130.101.199
1932,Verla,Dart,vdartn3@mapy.cz,Female,144.9.176.27
1933,Fabiano,Beauvais,fbeauvaisn4@disqus.com,Male,79.144.170.44
1934,Valeria,Lismer,vlismern5@yahoo.co.jp,Female,232.98.51.210
1935,Normy,Simmonett,nsimmonettn6@princeton.edu,Male,42.36.242.254
1936,Charmain,Assinder,cassindern7@ca.gov,Bigender,3.89.252.68
1937,Blondell,Steckings,bsteckingsn8@dropbox.com,Genderfluid,111.58.55.180
1938,Marijn,Trollope,mtrollopen9@devhub.com,Male,33.13.88.52
1939,Imojean,Killelea,ikilleleana@yellowbook.com,Female,238.118.59.91
1940,Rosalyn,Jirzik,rjirziknb@paginegialle.it,Female,34.207.104.200
1941,Carine,Lassen,classennc@wordpress.com,Female,233.184.189.40
1942,Lethia,Finnimore,lfinnimorend@state.tx.us,Female,50.55.176.121
1943,Alberik,Carty,acartyne@plala.or.jp,Male,216.14.59.140
1944,Mollee,Masding,mmasdingnf@mail.ru,Female,76.201.58.227
1945,Parke,Lennie,plennieng@independent.co.uk,Male,243.228.124.53
1946,Brannon,Maraga,bmaraganh@ucoz.ru,Male,73.69.209.117
1947,Karia,Ilott,kilottni@sogou.com,Female,117.84.38.188
1948,Petronille,Adnet,padnetnj@prweb.com,Bigender,128.201.44.116
1949,Edgardo,Hazael,ehazaelnk@wsj.com,Male,237.224.115.97
1950,Shina,Garm,sgarmnl@narod.ru,Female,242.91.23.23
1951,Chandal,Jandel,cjandelnm@slate.com,Female,236.31.204.17
1952,Xylia,Edsell,xedsellnn@newsvine.com,Non-binary,183.65.52.232
1953,Petronella,Whittington,pwhittingtonno@newsvine.com,Female,188.107.27.61
1954,Lothario,Woolrich,lwoolrichnp@yahoo.co.jp,Male,27.75.252.123
1955,Ivy,Bernade,ibernadenq@i2i.jp,Agender,33.110.31.102
1956,Rennie,Izakof,rizakofnr@fema.gov,Female,237.248.167.38
1957,Salvidor,Buesnel,sbuesnelns@t-online.de,Male,142.47.150.49
1958,Nickolas,Norquay,nnorquaynt@hostgator.com,Male,22.205.62.45
1959,Nert,Minor,nminornu@cafepress.com,Female,206.44.93.59
1960,Lamont,Gothrup,lgothrupnv@dropbox.com,Male,196.207.122.63
1961,Edward,Perico,epericonw@discuz.net,Male,218.234.204.238
1962,Desmund,Millier,dmilliernx@trellian.com,Male,12.57.88.249
1963,Dion,O'Tierney,dotierneyny@google.ca,Non-binary,103.159.119.8
1964,Ema,Lukianov,elukianovnz@xinhuanet.com,Female,39.83.38.184
1965,Lucho,Hearfield,lhearfieldo0@cam.ac.uk,Male,205.156.165.222
1966,Arlan,Duigenan,aduigenano1@feedburner.com,Male,19.118.127.5
1967,Nerta,Tebbut,ntebbuto2@telegraph.co.uk,Female,52.54.52.104
1968,Alta,Norkutt,anorkutto3@adobe.com,Female,224.187.160.240
1969,Reynolds,Madigan,rmadigano4@statcounter.com,Male,112.10.136.118
1970,Avis,Lafont,alafonto5@kickstarter.com,Female,14.241.238.84
1971,Zelig,Stiffell,zstiffello6@mayoclinic.com,Male,252.86.178.175
1972,Shae,Dyett,sdyetto7@usa.gov,Male,119.87.79.116
1973,Freddie,Kiffe,fkiffeo8@nba.com,Male,206.179.47.33
1974,Sheila-kathryn,Kubas,skubaso9@g.co,Female,74.199.26.246
1975,Kristen,Colquite,kcolquiteoa@xrea.com,Female,94.61.235.109
1976,Sisile,Brockwell,sbrockwellob@homestead.com,Female,85.44.8.186
1977,Eldin,Ingham,einghamoc@nbcnews.com,Male,218.228.153.89
1978,Pandora,Garwill,pgarwillod@amazon.de,Female,137.32.114.1
1979,Kelbee,Yearsley,kyearsleyoe@google.co.jp,Male,218.112.44.32
1980,Elysee,Battams,ebattamsof@lycos.com,Female,159.241.160.82
1981,Roanne,Castell,rcastellog@mlb.com,Female,156.224.52.71
1982,Clari,Frediani,cfredianioh@businesswire.com,Female,54.11.145.151
1983,Talbot,Margery,tmargeryoi@technorati.com,Male,53.57.105.185
1984,Bogart,Shoulder,bshoulderoj@nifty.com,Male,43.6.146.30
1985,Milton,Rosenzveig,mrosenzveigok@prnewswire.com,Male,145.87.1.189
1986,Roddie,Luppitt,rluppittol@dropbox.com,Male,3.142.12.247
1987,Wilden,Weadick,wweadickom@sohu.com,Male,118.0.109.183
1988,Kirsten,Shimman,kshimmanon@icq.com,Genderfluid,84.228.37.202
1989,Larine,Hendrich,lhendrichoo@vinaora.com,Female,204.137.85.195
1990,Myrna,Leeman,mleemanop@addtoany.com,Female,50.95.109.229
1991,Cybill,Sussems,csussemsoq@dyndns.org,Female,231.93.42.71
1992,Aldus,Ciementini,aciementinior@economist.com,Male,104.80.120.191
1993,Elyssa,Hrycek,ehrycekos@dailymotion.com,Female,16.255.110.93
1994,Carlin,Lowndes,clowndesot@oaic.gov.au,Male,68.52.161.135
1995,Geri,Alexandre,galexandreou@acquirethisname.com,Male,17.199.179.209
1996,Hershel,Elkington,helkingtonov@geocities.com,Male,4.118.70.86
1997,Clerkclaude,Olden,coldenow@woothemes.com,Male,15.224.39.70
1998,Marcille,Bisco,mbiscoox@nbcnews.com,Agender,134.153.218.21
1999,Jule,Dieton,jdietonoy@state.tx.us,Male,29.251.66.2
2000,Casey,Westrope,cwestropeoz@wikimedia.org,Female,133.158.205.255
2001,Sanders,Kleszinski,skleszinskip0@theguardian.com,Male,225.229.184.179
2002,Corrie,Pedrocchi,cpedrocchip1@wordpress.com,Male,241.91.43.7
2003,Vaughn,Sangwin,vsangwinp2@w3.org,Male,238.137.242.127
2004,Cyril,Ewell,cewellp3@army.mil,Male,106.12.202.241
2005,Lona,MacDwyer,lmacdwyerp4@ycombinator.com,Female,12.154.137.165
2006,Lacee,Gozzett,lgozzettp5@nhs.uk,Polygender,251.1.249.64
2007,Thea,Bourthouloume,tbourthouloumep6@nhs.uk,Female,242.198.54.177
2008,Tibold,Keywood,tkeywoodp7@behance.net,Male,206.181.40.109
2009,Ashlan,Guynemer,aguynemerp8@stumbleupon.com,Agender,75.227.231.32
2010,Morley,Tallman,mtallmanp9@creativecommons.org,Male,139.29.46.206
2011,Darline,Wonfar,dwonfarpa@walmart.com,Female,109.226.64.207
2012,Dyann,Cosgry,dcosgrypb@uiuc.edu,Female,222.138.55.205
2013,Lottie,Hegel,lhegelpc@ucoz.ru,Female,18.160.192.43
2014,Eddy,Towson,etowsonpd@omniture.com,Male,164.240.55.209
2015,Gabbie,Buttle,gbuttlepe@addthis.com,Male,239.105.187.150
2016,Min,Cicconetti,mcicconettipf@usnews.com,Female,72.117.208.205
2017,Andrey,Feronet,aferonetpg@biglobe.ne.jp,Male,195.88.194.44
2018,Teresa,Albert,talbertph@ucoz.com,Female,95.194.193.111
2019,Idette,Meier,imeierpi@twitter.com,Female,175.58.227.152
2020,Carmella,Barnes,cbarnespj@mozilla.org,Female,182.129.156.136
2021,Cassondra,Glendza,cglendzapk@washington.edu,Female,64.3.11.86
2022,Lou,Ropkins,lropkinspl@uol.com.br,Male,140.224.195.205
2023,Eba,Gorhardt,egorhardtpm@china.com.cn,Female,48.205.65.56
2024,Israel,Balme,ibalmepn@sfgate.com,Bigender,33.225.161.154
2025,Ema,Klossek,eklossekpo@ebay.com,Female,212.73.121.3
2026,Nannie,Pilsbury,npilsburypp@microsoft.com,Female,27.125.128.130
2027,Pepi,Hassent,phassentpq@php.net,Female,251.134.252.108
2028,Richy,Andrey,randreypr@nymag.com,Male,132.196.156.205
2029,Gertrude,Kennerknecht,gkennerknechtps@posterous.com,Agender,225.134.27.154
2030,Hamel,Netherclift,hnethercliftpt@cyberchimps.com,Male,222.168.94.143
2031,Kristyn,Spehr,kspehrpu@usa.gov,Female,51.31.25.79
2032,Cob,Normaville,cnormavillepv@angelfire.com,Male,104.145.92.5
2033,Carlos,Aleavy,caleavypw@un.org,Male,3.74.246.115
2034,Tyrus,Shevlan,tshevlanpx@sciencedaily.com,Male,77.98.0.161
2035,Wendy,Dorgan,wdorganpy@1und1.de,Polygender,32.76.179.235
2036,Adler,Bulcock,abulcockpz@discuz.net,Male,217.143.160.144
2037,Ricki,Jerrand,rjerrandq0@nyu.edu,Male,193.35.191.201
2038,Web,Yosevitz,wyosevitzq1@elegantthemes.com,Male,165.104.156.254
2039,Ollie,Lampitt,olampittq2@apple.com,Female,215.138.127.90
2040,Krystalle,Edy,kedyq3@reference.com,Female,229.108.249.79
2041,Belvia,Sivess,bsivessq4@ucla.edu,Genderfluid,21.81.217.228
2042,Mabelle,Musson,mmussonq5@mysql.com,Female,180.106.70.18
2043,Clari,Eunson,ceunsonq6@addtoany.com,Female,190.98.124.60
2044,Kamila,Speariett,kspeariettq7@creativecommons.org,Female,220.16.175.208
2045,Lynea,Chaffey,lchaffeyq8@bing.com,Female,168.44.46.68
2046,Olivie,Ponten,opontenq9@digg.com,Female,181.219.189.246
2047,Juliann,Perford,jperfordqa@liveinternet.ru,Female,29.176.147.118
2048,Kellby,Laudham,klaudhamqb@usatoday.com,Male,242.29.55.23
2049,Julia,Pressnell,jpressnellqc@pagesperso-orange.fr,Female,57.105.178.242
2050,Opal,Bowyer,obowyerqd@uiuc.edu,Agender,183.149.136.50
2051,Ab,Beyn,abeynqe@time.com,Male,159.128.18.179
2052,Rockie,Cordobes,rcordobesqf@so-net.ne.jp,Genderqueer,213.79.221.200
2053,Tadeas,McTeague,tmcteagueqg@time.com,Agender,114.44.79.178
2054,Zachariah,Carnegie,zcarnegieqh@g.co,Male,142.121.252.93
2055,Catarina,Heazel,cheazelqi@census.gov,Genderqueer,139.75.34.125
2056,Inessa,Yepiskopov,iyepiskopovqj@wordpress.com,Female,176.1.121.41
2057,Brigit,Simmill,bsimmillqk@si.edu,Female,93.23.199.63
2058,Panchito,Krysztofiak,pkrysztofiakql@mac.com,Male,37.33.206.217
2059,Rogers,Ungerechts,rungerechtsqm@shop-pro.jp,Male,21.40.170.28
2060,Arman,Boatwright,aboatwrightqn@newsvine.com,Male,210.78.202.34
2061,Abbe,Mulrean,amulreanqo@mozilla.com,Female,28.233.169.223
2062,Waylen,Blazhevich,wblazhevichqp@zdnet.com,Male,210.196.219.86
2063,Kain,Wooldridge,kwooldridgeqq@google.de,Male,20.39.16.83
2064,Lucho,Swadling,lswadlingqr@github.com,Male,3.226.217.47
2065,Malvin,Trustey,mtrusteyqs@cisco.com,Male,49.161.46.216
2066,Salvatore,Garrard,sgarrardqt@pinterest.com,Genderfluid,164.183.159.70
2067,Chrisse,Sorsbie,csorsbiequ@i2i.jp,Bigender,8.136.64.183
2068,Nappie,Trahair,ntrahairqv@un.org,Male,79.124.253.8
2069,Shir,Rainbow,srainbowqw@ifeng.com,Female,220.103.1.51
2070,Venita,Peverell,vpeverellqx@squidoo.com,Female,160.209.255.8
2071,Cinda,Mundie,cmundieqy@acquirethisname.com,Female,135.167.240.140
2072,Ebba,Dinneges,edinnegesqz@tuttocitta.it,Female,56.184.128.250
2073,Sybila,Knottley,sknottleyr0@yahoo.co.jp,Female,47.237.206.141
2074,Abdul,Orfeur,aorfeurr1@buzzfeed.com,Male,254.87.120.235
2075,Eduino,Egdal,eegdalr2@blogs.com,Male,16.4.132.78
2076,Gladys,Boller,gbollerr3@mtv.com,Female,143.20.139.238
2077,Franchot,Heffernan,fheffernanr4@omniture.com,Male,139.106.106.244
2078,Gearard,Tyas,gtyasr5@cisco.com,Male,112.70.129.230
2079,Eva,Olivazzi,eolivazzir6@naver.com,Female,87.95.169.32
2080,Lock,Shimon,lshimonr7@blogspot.com,Male,104.159.80.91
2081,Bernard,Lukas,blukasr8@elpais.com,Male,149.202.138.155
2082,Kass,Tiffany,ktiffanyr9@skype.com,Female,159.60.239.123
2083,Trip,Foulser,tfoulserra@yale.edu,Male,223.84.166.109
2084,Jae,Crampin,jcrampinrb@privacy.gov.au,Male,35.163.215.255
2085,Lynnet,Withnall,lwithnallrc@163.com,Female,241.130.245.72
2086,Pru,Jakovijevic,pjakovijevicrd@squidoo.com,Female,37.250.118.84
2087,Yalonda,Pett,ypettre@ebay.com,Female,122.138.17.57
2088,Aldin,Stooders,astoodersrf@eepurl.com,Male,137.217.132.247
2089,Amaleta,Hardisty,ahardistyrg@adobe.com,Female,180.225.86.83
2090,Ara,Monier,amonierrh@privacy.gov.au,Female,30.118.13.154
2091,Emily,McCrisken,emccriskenri@123-reg.co.uk,Genderqueer,35.44.170.215
2092,Cal,Laughlan,claughlanrj@independent.co.uk,Male,66.208.138.130
2093,Nickolai,Letten,nlettenrk@ning.com,Genderfluid,25.64.46.50
2094,Winston,Feacham,wfeachamrl@wikispaces.com,Male,58.213.113.126
2095,Marylou,Waugh,mwaughrm@google.ru,Polygender,28.72.179.197
2096,Diego,Ninnis,dninnisrn@addthis.com,Male,90.9.79.40
2097,Jaime,Caulliere,jcaullierero@washingtonpost.com,Female,223.228.70.228
2098,Donaugh,Dearman,ddearmanrp@liveinternet.ru,Male,108.132.125.243
2099,Laurie,Rabbage,lrabbagerq@about.com,Female,217.223.155.25
2100,Perceval,Master,pmasterrr@go.com,Male,49.123.102.97
