1,McEachern, Langston,lmceachern0@cdc.gov,22.252.197.92
2,Vagg, Kelley,kvagg1@mtv.com,21.48.102.176
3,Sindell, Nelle,nsindell2@ihg.com,136.243.181.251
5,Lamers, Cathryn,clamers4@arizona.edu,47.199.47.240
6,Jenner, Erinn,ejenner5@digg.com,131.99.153.239
7,Larroway, Emery,elarroway6@issuu.com,91.11.22.97
8,McCahey, Catherine,cmccahey7@ucla.edu,113.234.124.123
9,Joncic, Wyn,wjoncic8@freewebs.com,130.144.17.175
10,McWilliams, Damiano,dmcwilliams9@huffingtonpost.com,252.206.124.99
11,Cheak, Ashla,acheaka@aol.com,216.16.8.4
13,Griniov, Krista,kgriniovc@apache.org,44.136.15.57
15,Leil, Gian,gleile@utexas.edu,249.224.169.30
17,Spileman, Hersh,hspilemang@businesswire.com,124.99.81.254
18,McSharry, Austine,amcsharryh@fotki.com,248.152.163.225
19,Syncke, Joscelin,jsynckei@hostgator.com,237.18.211.233
20,Clipson, Maryanne,mclipsonj@histats.com,121.39.44.64
21,O'Beirne, Cherida,cobeirnek@tiny.cc,211.43.222.211
22,Sargerson, Yovonnda,ysargersonl@berkeley.edu,254.89.122.1
23,Hendrik, Giorgio,ghendrikm@infoseek.co.jp,232.14.34.61
24,Kittredge, Constanta,ckittredgen@google.fr,101.111.217.124
25,Dawton, Gaelan,gdawtono@moonfruit.com,145.59.234.158
27,Grigorini, Maxy,mgrigoriniq@ibm.com,10.21.55.238
29,Rowlinson, Phillis,prowlinsons@wordpress.org,180.104.144.49
30,Genge, Merrie,mgenget@wired.com,202.73.155.247
31,Strahan, Alasdair,astrahanu@w3.org,107.17.123.250
33,Pavlasek, Zsa zsa,zpavlasekw@360.cn,219.56.137.250
35,Fiske, Poppy,pfiskey@buzzfeed.com,92.121.62.61
37,Minshaw, Faydra,fminshaw10@lycos.com,94.235.181.173
39,Harling, Archy,aharling12@walmart.com,142.251.232.132
40,Middas, Margalit,mmiddas13@i2i.jp,253.54.6.137
41,Shearwood, Alwyn,ashearwood14@google.com.br,119.170.205.74
43,Shetliff, Kimberlyn,kshetliff16@alexa.com,232.237.141.144
45,Locard, Essie,elocard18@oaic.gov.au,231.47.185.146
47,Greenland, Celine,cgreenland1a@yale.edu,32.135.250.184
49,Lomansey, Chrissie,clomansey1c@pcworld.com,118.255.175.152
51,Kilmary, Justine,jkilmary1e@woothemes.com,180.52.2.121
53,Jaspar, Myrna,mjaspar1g@redcross.org,106.0.130.181
55,Ferreres, Christiane,cferreres1i@vinaora.com,6.189.98.116
57,Jinks, Gwenora,gjinks1k@abc.net.au,198.218.97.42
59,Langthorne, Lenora,llangthorne1m@symantec.com,98.162.172.236
60,Bargery, Eleen,ebargery1n@usda.gov,19.92.184.76
61,Bonnett, Aldous,abonnett1o@theguardian.com,14.169.164.203
63,Furmagier, Joella,jfurmagier1q@cbc.ca,34.38.108.208
65,Deakan, Arty,adeakan1s@amazonaws.com,167.10.105.122
67,O'Hickee, Timothea,tohickee1u@guardian.co.uk,20.28.228.248
68,Millwall, Meris,mmillwall1v@pinterest.com,91.192.184.114
69,Enevold, Colly,cenevold1w@geocities.com,197.224.100.12
70,Bratchell, Caroline,cbratchell1x@ftc.gov,78.114.213.224
71,Millyard, Eugenie,emillyard1y@photobucket.com,101.122.158.28
73,Rawstorn, Gertie,grawstorn20@goo.gl,211.131.230.108
75,Rudinger, West,wrudinger22@nba.com,96.178.13.76
76,Crapper, Emmalynne,ecrapper23@goo.gl,171.15.0.242
77,Buffey, Dukie,dbuffey24@biglobe.ne.jp,231.198.65.122
79,Jackes, Hunt,hjackes26@blinklist.com,120.243.54.2
81,Kelleher, Rodi,rkelleher28@gizmodo.com,249.167.51.78
82,Human, Rozella,rhuman29@free.fr,154.28.177.117
83,Parzizek, Jessie,jparzizek2a@prweb.com,225.163.191.14
84,Riche, Gael,griche2b@chicagotribune.com,147.124.202.191
85,Hedan, Norri,nhedan2c@google.nl,155.128.197.33
87,Magog, Ofelia,omagog2e@aboutads.info,228.132.223.22
88,Macon, Melisande,mmacon2f@thetimes.co.uk,224.243.207.34
89,Lorente, Janina,jlorente2g@blogtalkradio.com,22.94.193.211
91,Mattusevich, Becca,bmattusevich2i@parallels.com,255.220.183.36
92,Stirtle, Caro,cstirtle2j@flavors.me,227.34.200.115
93,Vignal, Benn,bvignal2k@rakuten.co.jp,139.10.236.222
95,Shewery, Porter,pshewery2m@devhub.com,107.80.67.100
97,Peasgood, Henka,hpeasgood2o@admin.ch,157.155.110.119
99,De Gowe, Dulciana,ddegowe2q@youku.com,233.173.231.185
